timestamp,magn_x,magn_y,magn_z
0,0.05194,0.12054,-0.3185
0,0.05194,0.12054,-0.3185
21,0.05194,0.12054,-0.3185
21,0.05194,0.12054,-0.3185
42,0.049560003,0.1155,-0.32312
42,0.049560003,0.1155,-0.32312
63,0.049560003,0.1155,-0.32312
64,0.049560003,0.1155,-0.32312
85,0.04732,0.120400004,-0.32102
85,0.04732,0.120400004,-0.32102
106,0.04732,0.120400004,-0.32102
127,0.05124,0.12138,-0.32242
128,0.05124,0.12138,-0.32242
149,0.05124,0.12138,-0.32242
149,0.05124,0.12138,-0.32242
170,0.05222,0.11998,-0.32466
170,0.05222,0.11998,-0.32466
191,0.05222,0.11998,-0.32466
191,0.05222,0.11998,-0.32466
213,0.05572,0.1211,-0.32676
213,0.05572,0.1211,-0.32676
234,0.05544,0.12166,-0.33292
255,0.05544,0.12166,-0.33292
255,0.05544,0.12166,-0.33292
277,0.04984,0.118300006,-0.28686002
277,0.04984,0.118300006,-0.28686002
298,0.04984,0.118300006,-0.28686002
298,0.04984,0.118300006,-0.28686002
319,0.05488,0.11816,-0.31962
319,0.05488,0.11816,-0.31962
341,0.05488,0.11816,-0.31962
341,0.05488,0.11816,-0.31962
362,0.0539,0.11984,-0.31598002
384,0.053620003,0.14028001,-0.33558002
384,0.053620003,0.14028001,-0.33558002
405,0.053620003,0.14028001,-0.33558002
405,0.053620003,0.14028001,-0.33558002
426,0.07238,0.13076,-0.34804
426,0.07238,0.13076,-0.34804
447,0.07238,0.13076,-0.34804
447,0.07238,0.13076,-0.34804
469,0.083160006,0.105560005,-0.33614
469,0.083160006,0.105560005,-0.33614
490,0.083160006,0.105560005,-0.33614
511,0.10514,0.09576,-0.33544
511,0.10514,0.09576,-0.33544
533,0.09464,0.09492,-0.33740002
533,0.09464,0.09492,-0.33740002
554,0.09464,0.09492,-0.33740002
554,0.09464,0.09492,-0.33740002
576,0.09464,0.09492,-0.33740002
576,0.09464,0.09492,-0.33740002
597,0.09464,0.09492,-0.33740002
597,0.09464,0.09492,-0.33740002
618,0.13426,0.10332,-0.35364002
639,0.13426,0.10332,-0.35364002
639,0.13426,0.10332,-0.35364002
661,0.13426,0.10332,-0.35364002
661,0.13426,0.10332,-0.35364002
682,0.13426,0.10332,-0.35364002
682,0.13426,0.10332,-0.35364002
703,0.13426,0.10332,-0.35364002
703,0.13426,0.10332,-0.35364002
725,0.28504002,0.14182,-0.32102
725,0.28504002,0.14182,-0.32102
746,0.28504002,0.14182,-0.32102
767,0.28504002,0.14182,-0.32102
767,0.28504002,0.14182,-0.32102
789,0.28504002,0.14182,-0.32102
789,0.28504002,0.14182,-0.32102
810,0.31710002,0.19348,-0.32410002
810,0.31710002,0.19348,-0.32410002
832,0.31710002,0.19348,-0.32410002
832,0.31710002,0.19348,-0.32410002
853,0.26628,0.15442,-0.33670002
853,0.26628,0.15442,-0.33670002
874,0.22302,0.12320001,-0.34608
874,0.22302,0.12320001,-0.34608
895,0.22302,0.12320001,-0.34608
917,0.16646,0.10486,-0.35126
917,0.16646,0.10486,-0.35126
938,0.16646,0.10486,-0.35126
938,0.16646,0.10486,-0.35126
959,0.108500004,0.11242,-0.37268
959,0.108500004,0.11242,-0.37268
981,0.108500004,0.11242,-0.37268
981,0.108500004,0.11242,-0.37268
1002,0.02002,0.13118,-0.34846002
1002,0.02002,0.13118,-0.34846002
1023,0.02002,0.13118,-0.34846002
1045,-0.060620002,0.13048,-0.30940002
1045,-0.060620002,0.13048,-0.30940002
1066,-0.084,0.1253,-0.30128002
1066,-0.084,0.1253,-0.30128002
1087,-0.084,0.1253,-0.30128002
1087,-0.084,0.1253,-0.30128002
1109,-0.08652,0.13118,-0.30352
1109,-0.08652,0.13118,-0.30352
1131,-0.08652,0.13118,-0.30352
1131,-0.08652,0.13118,-0.30352
1151,-0.07588,0.13958,-0.3269
1173,-0.07588,0.13958,-0.3269
1173,-0.07588,0.13958,-0.3269
1194,-0.01946,0.15652001,-0.3696
1194,-0.01946,0.15652001,-0.3696
1215,-0.01946,0.15652001,-0.3696
1215,-0.01946,0.15652001,-0.3696
1237,0.085540004,0.17584,-0.40894002
1237,0.085540004,0.17584,-0.40894002
1258,0.20692001,0.18676001,-0.38416
1258,0.20692001,0.18676001,-0.38416
1279,0.20692001,0.18676001,-0.38416
1301,0.31066,0.19908,-0.34118
1301,0.31066,0.19908,-0.34118
1322,0.31066,0.19908,-0.34118
1322,0.31066,0.19908,-0.34118
1343,0.39270002,0.20930001,-0.25578
1343,0.39270002,0.20930001,-0.25578
1365,0.4487,0.20930001,-0.14490001
1365,0.4487,0.20930001,-0.14490001
1386,0.4487,0.20930001,-0.14490001
1386,0.4487,0.20930001,-0.14490001
1408,0.4487,0.20930001,-0.14490001
1429,0.45948002,0.21462001,-0.03948
1429,0.45948002,0.21462001,-0.03948
1450,0.44786,0.23716001,0.04592
1450,0.44786,0.23716001,0.04592
1471,0.44786,0.23716001,0.04592
1471,0.44786,0.23716001,0.04592
1493,0.41076002,0.27118,0.13118
1493,0.41076002,0.27118,0.13118
1514,0.35658002,0.30422002,0.17514001
1514,0.35658002,0.30422002,0.17514001
1535,0.35658002,0.30422002,0.17514001
1557,0.30072,0.33222002,0.20706001
1557,0.30072,0.33222002,0.20706001
1578,0.30072,0.33222002,0.20706001
1578,0.30072,0.33222002,0.20706001
1599,0.24444,0.36106002,0.22386001
1600,0.24444,0.36106002,0.22386001
1621,0.24444,0.36106002,0.22386001
1621,0.24444,0.36106002,0.22386001
1642,0.2114,0.37926,0.23394
1642,0.2114,0.37926,0.23394
1663,0.23856,0.35532,0.22610001
1685,0.23856,0.35532,0.22610001
1685,0.23856,0.35532,0.22610001
1706,0.26992002,0.32704002,0.22148001
1706,0.26992002,0.32704002,0.22148001
1727,0.26992002,0.32704002,0.22148001
1728,0.26992002,0.32704002,0.22148001
1749,0.33208,0.27874002,0.18550001
1749,0.33208,0.27874002,0.18550001
1770,0.33208,0.27874002,0.18550001
1770,0.33208,0.27874002,0.18550001
1791,0.4032,0.20258,0.10374
1792,0.4032,0.20258,0.10374
1813,0.42658,0.12572001,-0.009380001
1834,0.42658,0.12572001,-0.009380001
1834,0.42658,0.12572001,-0.009380001
1855,0.3962,0.06496,-0.10402
1855,0.3962,0.06496,-0.10402
1877,0.3962,0.06496,-0.10402
1877,0.3962,0.06496,-0.10402
1898,0.33894,0.028280001,-0.19516
1898,0.33894,0.028280001,-0.19516
1919,0.33894,0.028280001,-0.19516
1919,0.33894,0.028280001,-0.19516
1941,0.26908,0.01736,-0.25018
1963,0.1869,0.00966,-0.2786
1963,0.1869,0.00966,-0.2786
1983,0.1869,0.00966,-0.2786
1983,0.1869,0.00966,-0.2786
2005,0.09786,0.02506,-0.30912
2005,0.09786,0.02506,-0.30912
2026,0.09786,0.02506,-0.30912
2026,0.09786,0.02506,-0.30912
2047,0.00896,0.05922,-0.3073
2048,0.00896,0.05922,-0.3073
2069,0.00896,0.05922,-0.3073
2090,-0.02562,0.07,-0.29708
2090,-0.02562,0.07,-0.29708
2111,-0.02562,0.07,-0.29708
2112,-0.02562,0.07,-0.29708
2133,-0.060200002,0.082880005,-0.27398002
2133,-0.060200002,0.082880005,-0.27398002
2154,-0.060200002,0.082880005,-0.27398002
2154,-0.060200002,0.082880005,-0.27398002
2176,-0.094780006,0.067200005,-0.23814
2176,-0.094780006,0.067200005,-0.23814
2197,-0.098000005,0.06594,-0.23198001
2218,-0.098000005,0.06594,-0.23198001
2218,-0.098000005,0.06594,-0.23198001
2239,-0.082040004,0.05222,-0.22148001
2239,-0.082040004,0.05222,-0.22148001
2261,-0.082040004,0.05222,-0.22148001
2261,-0.082040004,0.05222,-0.22148001
2282,-0.0798,0.037660003,-0.21714
2282,-0.0798,0.037660003,-0.21714
2303,-0.0798,0.037660003,-0.21714
2303,-0.0798,0.037660003,-0.21714
2325,-0.07994,0.0469,-0.23436001
2346,-0.044660002,0.0518,-0.27538002
2346,-0.044660002,0.0518,-0.27538002
2367,-0.044660002,0.0518,-0.27538002
2367,-0.044660002,0.0518,-0.27538002
2389,-0.044660002,0.0518,-0.27538002
2389,-0.044660002,0.0518,-0.27538002
2410,-0.044660002,0.0518,-0.27538002
2410,-0.044660002,0.0518,-0.27538002
2432,0.09898,0.00476,-0.29372
2432,0.09898,0.00476,-0.29372
2453,0.09898,0.00476,-0.29372
2474,0.09898,0.00476,-0.29372
2474,0.09898,0.00476,-0.29372
2496,0.09898,0.00476,-0.29372
2496,0.09898,0.00476,-0.29372
2517,0.24094,-0.009380001,-0.24052
2517,0.24094,-0.009380001,-0.24052
2538,0.24094,-0.009380001,-0.24052
2538,0.24094,-0.009380001,-0.24052
2559,0.30562,0.00266,-0.19418001
2560,0.30562,0.00266,-0.19418001
2581,0.30562,0.00266,-0.19418001
2581,0.30562,0.00266,-0.19418001
2602,0.30562,0.00266,-0.19418001
2623,0.35700002,0.02786,-0.14756
2624,0.35700002,0.02786,-0.14756
2645,0.38934,0.0539,-0.07056
2645,0.38934,0.0539,-0.07056
2666,0.38934,0.0539,-0.07056
2666,0.38934,0.0539,-0.07056
2687,0.40404,0.093940005,0.03122
2687,0.40404,0.093940005,0.03122
2709,0.3906,0.14868,0.100940004
2709,0.3906,0.14868,0.100940004
2730,0.3906,0.14868,0.100940004
2751,0.3906,0.14868,0.100940004
2751,0.3906,0.14868,0.100940004
2773,0.3906,0.14868,0.100940004
2773,0.3906,0.14868,0.100940004
2794,0.3906,0.14868,0.100940004
2794,0.3906,0.14868,0.100940004
2815,0.3906,0.14868,0.100940004
2815,0.3906,0.14868,0.100940004
2837,0.3906,0.14868,0.100940004
2837,0.3906,0.14868,0.100940004
2858,0.3906,0.14868,0.100940004
2879,0.3906,0.14868,0.100940004
2880,0.3906,0.14868,0.100940004
2901,0.329,0.24304001,0.20048
2901,0.329,0.24304001,0.20048
2922,0.329,0.24304001,0.20048
2922,0.329,0.24304001,0.20048
2943,0.329,0.24304001,0.20048
2944,0.329,0.24304001,0.20048
2965,0.33670002,0.2387,0.18550001
2965,0.33670002,0.2387,0.18550001
2986,0.37296,0.20216,0.14840001
3007,0.37296,0.20216,0.14840001
3007,0.37296,0.20216,0.14840001
3029,0.37296,0.20216,0.14840001
3029,0.37296,0.20216,0.14840001
3050,0.3675,0.0175,-0.07294
3050,0.3675,0.0175,-0.07294
3071,0.3675,0.0175,-0.07294
3071,0.3675,0.0175,-0.07294
3093,0.29386002,-0.0238,-0.17164001
3093,0.29386002,-0.0238,-0.17164001
3114,0.29386002,-0.0238,-0.17164001
3135,0.29386002,-0.0238,-0.17164001
3135,0.29386002,-0.0238,-0.17164001
3157,0.29386002,-0.0238,-0.17164001
3157,0.29386002,-0.0238,-0.17164001
3178,0.052780002,0.00896,-0.2786
3178,0.052780002,0.00896,-0.2786
3199,0.052780002,0.00896,-0.2786
3199,0.052780002,0.00896,-0.2786
3221,0.052780002,0.00896,-0.2786
3221,0.052780002,0.00896,-0.2786
3242,-0.0483,0.05096,-0.26082
3263,-0.06524,0.061460003,-0.26418
3263,-0.06524,0.061460003,-0.26418
3285,-0.06524,0.061460003,-0.26418
3285,-0.06524,0.061460003,-0.26418
3306,-0.05068,0.06804,-0.27972
3306,-0.05068,0.06804,-0.27972
3327,-0.05068,0.06804,-0.27972
3328,-0.05068,0.06804,-0.27972
3349,-0.02156,0.07686,-0.32144
3349,-0.02156,0.07686,-0.32144
3370,-0.02156,0.07686,-0.32144
3392,0.024500001,0.097440004,-0.35658002
3392,0.024500001,0.097440004,-0.35658002
3413,0.024500001,0.097440004,-0.35658002
3413,0.024500001,0.097440004,-0.35658002
3434,0.083440006,0.12782,-0.38122
3434,0.083440006,0.12782,-0.38122
3455,0.15358001,0.1365,-0.39004
3455,0.15358001,0.1365,-0.39004
3477,0.15358001,0.1365,-0.39004
3477,0.15358001,0.1365,-0.39004
3498,0.23604001,0.11354,-0.35518
3498,0.23604001,0.11354,-0.35518
3519,0.23604001,0.11354,-0.35518
3541,0.30464,0.102620006,-0.31122002
3541,0.30464,0.102620006,-0.31122002
3562,0.30464,0.102620006,-0.31122002
3562,0.30464,0.102620006,-0.31122002
3583,0.34846002,0.086660005,-0.25802
3583,0.34846002,0.086660005,-0.25802
3605,0.34846002,0.086660005,-0.25802
3605,0.34846002,0.086660005,-0.25802
3626,0.37702,0.067480005,-0.18984
3626,0.37702,0.067480005,-0.18984
3648,0.37702,0.067480005,-0.18984
3669,0.39718002,0.05978,-0.102060005
3669,0.39718002,0.05978,-0.102060005
3690,0.40096,0.069860004,0.0329
3690,0.40096,0.069860004,0.0329
3712,0.40096,0.069860004,0.0329
3712,0.40096,0.069860004,0.0329
3733,0.36386,0.10766,0.1162
3733,0.36386,0.10766,0.1162
3754,0.36386,0.10766,0.1162
3754,0.36386,0.10766,0.1162
3775,0.31178,0.16296001,0.19600001
3797,0.31178,0.16296001,0.19600001
3797,0.31178,0.16296001,0.19600001
3818,0.26642,0.21476,0.22344
3818,0.26642,0.21476,0.22344
3839,0.26642,0.21476,0.22344
3840,0.26642,0.21476,0.22344
3861,0.26012,0.26726002,0.23114
3861,0.26012,0.26726002,0.23114
3882,0.26012,0.26726002,0.23114
3882,0.26012,0.26726002,0.23114
3903,0.26362002,0.32704002,0.22008
3925,0.2716,0.36036,0.21042001
3925,0.2716,0.36036,0.21042001
3946,0.2947,0.38486,0.17976001
3946,0.2947,0.38486,0.17976001
3967,0.2947,0.38486,0.17976001
3967,0.2947,0.38486,0.17976001
3989,0.32844,0.39662,0.13552
3989,0.32844,0.39662,0.13552
4010,0.32844,0.39662,0.13552
4010,0.32844,0.39662,0.13552
4031,0.36064002,0.42952,0.102340005
4053,0.33712,0.45752,0.105000004
4053,0.33712,0.45752,0.105000004
4074,0.33712,0.45752,0.105000004
4074,0.33712,0.45752,0.105000004
4095,0.28210002,0.47264,0.14840001
4095,0.28210002,0.47264,0.14840001
4117,0.28210002,0.47264,0.14840001
4117,0.28210002,0.47264,0.14840001
4138,0.21266,0.47404,0.18312001
4138,0.21266,0.47404,0.18312001
4159,0.21266,0.47404,0.18312001
4181,0.13118,0.46060002,0.20384
4181,0.13118,0.46060002,0.20384
4202,0.057680003,0.45808002,0.19516
4202,0.057680003,0.45808002,0.19516
4223,0.057680003,0.45808002,0.19516
4223,0.057680003,0.45808002,0.19516
4245,0.0105,0.45724002,0.17276001
4245,0.0105,0.45724002,0.17276001
4266,0.0105,0.45724002,0.17276001
4266,0.0105,0.45724002,0.17276001
4287,0.0105,0.45724002,0.17276001
4287,0.0105,0.45724002,0.17276001
4309,-0.01596,0.46690002,0.15596001
4330,-0.04396,0.48006,0.13790001
4330,-0.04396,0.48006,0.13790001
4351,-0.06622,0.48076,0.106400006
4352,-0.06622,0.48076,0.106400006
4373,-0.06622,0.48076,0.106400006
4373,-0.06622,0.48076,0.106400006
4394,-0.07112,0.49168003,0.0889
4394,-0.07112,0.49168003,0.0889
4415,-0.056700002,0.51086,0.074200004
4415,-0.056700002,0.51086,0.074200004
4437,-0.056700002,0.51086,0.074200004
4458,-0.03584,0.54138,0.060480002
4458,-0.03584,0.54138,0.060480002
4479,-0.03584,0.54138,0.060480002
4479,-0.03584,0.54138,0.060480002
4501,-0.0119,0.5579,0.0469
4501,-0.0119,0.5579,0.0469
4522,0.04438,0.5866,0.015260001
4522,0.04438,0.5866,0.015260001
4543,0.04438,0.5866,0.015260001
4543,0.04438,0.5866,0.015260001
4565,0.08764,0.5985,-0.04004
4586,0.08764,0.5985,-0.04004
4586,0.08764,0.5985,-0.04004
4607,0.08764,0.5985,-0.04004
4607,0.08764,0.5985,-0.04004
4629,0.120960005,0.60844004,-0.0833
4629,0.120960005,0.60844004,-0.0833
4650,0.15134001,0.60480005,-0.10192
4650,0.15134001,0.60480005,-0.10192
4671,0.147,0.60732,-0.13804
4672,0.147,0.60732,-0.13804
4693,0.147,0.60732,-0.13804
4714,0.12138,0.59696,-0.15106
4714,0.12138,0.59696,-0.15106
4735,0.12138,0.59696,-0.15106
4735,0.12138,0.59696,-0.15106
4757,0.1008,0.59794,-0.15428
4757,0.1008,0.59794,-0.15428
4778,0.1008,0.59794,-0.15428
4778,0.1008,0.59794,-0.15428
4799,0.1008,0.59794,-0.15428
4799,0.1008,0.59794,-0.15428
4821,-0.037660003,0.56420004,-0.17388001
4842,-0.037660003,0.56420004,-0.17388001
4842,-0.037660003,0.56420004,-0.17388001
4863,-0.037660003,0.56420004,-0.17388001
4863,-0.037660003,0.56420004,-0.17388001
4885,-0.037660003,0.56420004,-0.17388001
4885,-0.037660003,0.56420004,-0.17388001
4906,-0.037660003,0.56420004,-0.17388001
4906,-0.037660003,0.56420004,-0.17388001
4927,-0.114240006,0.50806004,-0.1701
4927,-0.114240006,0.50806004,-0.1701
4949,-0.11606,0.51338,-0.16114001
4970,-0.11606,0.51338,-0.16114001
4970,-0.11606,0.51338,-0.16114001
4991,-0.099400006,0.52612,-0.16884
4991,-0.099400006,0.52612,-0.16884
5013,-0.099400006,0.52612,-0.16884
5013,-0.099400006,0.52612,-0.16884
5034,-0.078820005,0.52934,-0.18928
5034,-0.078820005,0.52934,-0.18928
5056,-0.078820005,0.52934,-0.18928
5056,-0.078820005,0.52934,-0.18928
5077,-0.078820005,0.52934,-0.18928
5098,-0.01932,0.54726,-0.22204001
5098,-0.01932,0.54726,-0.22204001
5119,-0.01932,0.54726,-0.22204001
5119,-0.01932,0.54726,-0.22204001
5141,-0.018900001,0.5439,-0.22428
5141,-0.018900001,0.5439,-0.22428
5162,0.02016,0.55622,-0.22624001
5162,0.02016,0.55622,-0.22624001
5184,0.02016,0.55622,-0.22624001
5184,0.02016,0.55622,-0.22624001
5205,0.074760005,0.56336004,-0.22554001
5205,0.074760005,0.56336004,-0.22554001
5226,0.074760005,0.56336004,-0.22554001
5247,0.10024,0.5621,-0.23562
5247,0.10024,0.5621,-0.23562
5269,0.09268,0.5593,-0.23730001
5269,0.09268,0.5593,-0.23730001
5290,0.09268,0.5593,-0.23730001
5290,0.09268,0.5593,-0.23730001
5311,0.091560006,0.55118,-0.24094
5312,0.091560006,0.55118,-0.24094
5333,0.091560006,0.55118,-0.24094
5333,0.091560006,0.55118,-0.24094
5354,0.07574,0.54474,-0.24640001
5375,0.07574,0.54474,-0.24640001
5375,0.07574,0.54474,-0.24640001
5397,0.0343,0.53242004,-0.24598001
5397,0.0343,0.53242004,-0.24598001
5418,-0.02492,0.52836,-0.22036001
5418,-0.02492,0.52836,-0.22036001
5439,-0.02492,0.52836,-0.22036001
5439,-0.02492,0.52836,-0.22036001
5461,-0.08568,0.5089,-0.16814001
5461,-0.08568,0.5089,-0.16814001
5482,-0.08568,0.5089,-0.16814001
5503,-0.12698,0.47516,-0.13174
5504,-0.12698,0.47516,-0.13174
5525,-0.15792,0.43694,-0.08904
5525,-0.15792,0.43694,-0.08904
5546,-0.15792,0.43694,-0.08904
5546,-0.15792,0.43694,-0.08904
5567,-0.17864001,0.38038,-0.04606
5567,-0.17864001,0.38038,-0.04606
5589,-0.17864001,0.38038,-0.04606
5589,-0.17864001,0.38038,-0.04606
5610,-0.17696,0.38696,-0.041300002
5631,-0.17696,0.38696,-0.041300002
5631,-0.17696,0.38696,-0.041300002
5653,-0.17542,0.37884,-0.00588
5653,-0.17542,0.37884,-0.00588
5674,-0.17724,0.37212002,0.0112000005
5674,-0.17724,0.37212002,0.0112000005
5695,-0.17724,0.37212002,0.0112000005
5696,-0.17724,0.37212002,0.0112000005
5717,-0.17836,0.36484,0.0196
5717,-0.17836,0.36484,0.0196
5738,-0.17836,0.36484,0.0196
5759,-0.18774,0.35154,0.0037800001
5759,-0.18774,0.35154,0.0037800001
5781,-0.18774,0.35154,0.0037800001
5781,-0.18774,0.35154,0.0037800001
5802,-0.19726,0.31962,-0.05222
5802,-0.19726,0.31962,-0.05222
5823,-0.19726,0.31962,-0.05222
5823,-0.19726,0.31962,-0.05222
5845,-0.19866,0.32158002,-0.14028001
5845,-0.19866,0.32158002,-0.14028001
5866,-0.19866,0.32158002,-0.14028001
5888,-0.15932,0.33502,-0.23408
5888,-0.15932,0.33502,-0.23408
5909,-0.077700004,0.36218002,-0.31780002
5909,-0.077700004,0.36218002,-0.31780002
5930,-0.077700004,0.36218002,-0.31780002
5930,-0.077700004,0.36218002,-0.31780002
5951,-0.0037800001,0.38486,-0.35056
5951,-0.0037800001,0.38486,-0.35056
5973,-0.0037800001,0.38486,-0.35056
5973,-0.0037800001,0.38486,-0.35056
5995,0.024500001,0.39158002,-0.35784
5995,0.024500001,0.39158002,-0.35784
6015,0.00728,0.3682,-0.35840002
6037,0.00728,0.3682,-0.35840002
6038,0.00728,0.3682,-0.35840002
6058,-0.049140003,0.3591,-0.33698002
6058,-0.049140003,0.3591,-0.33698002
6080,-0.049140003,0.3591,-0.33698002
6080,-0.049140003,0.3591,-0.33698002
6101,-0.13790001,0.30926,-0.24584001
6101,-0.13790001,0.30926,-0.24584001
6122,-0.13790001,0.30926,-0.24584001
6122,-0.13790001,0.30926,-0.24584001
6143,-0.18816,0.27944002,-0.11242
6165,-0.18816,0.27944002,-0.11242
6165,-0.18816,0.27944002,-0.11242
6186,-0.19558,0.29652,-0.056980003
6186,-0.19558,0.29652,-0.056980003
6207,-0.19558,0.29652,-0.056980003
6207,-0.19558,0.29652,-0.056980003
6229,-0.19404,0.31178,-0.02772
6229,-0.19404,0.31178,-0.02772
6250,-0.18984,0.30786002,0.02492
6250,-0.18984,0.30786002,0.02492
6271,-0.18984,0.30786002,0.02492
6293,-0.17948,0.3255,0.033740003
6293,-0.17948,0.3255,0.033740003
6314,-0.17948,0.3255,0.033740003
6314,-0.17948,0.3255,0.033740003
6335,-0.19054,0.33866,0.028
6335,-0.19054,0.33866,0.028
6357,-0.19054,0.33866,0.028
6357,-0.19054,0.33866,0.028
6378,-0.20384,0.34244,-0.04788
6378,-0.20384,0.34244,-0.04788
6399,-0.20384,0.34244,-0.04788
6421,-0.20384,0.34244,-0.04788
6421,-0.20384,0.34244,-0.04788
6442,-0.20384,0.34244,-0.04788
6442,-0.20384,0.34244,-0.04788
6463,-0.20384,0.34244,-0.04788
6463,-0.20384,0.34244,-0.04788
6485,-0.12824,0.40600002,-0.25816
6485,-0.12824,0.40600002,-0.25816
6506,-0.12824,0.40600002,-0.25816
6506,-0.12824,0.40600002,-0.25816
6527,-0.08848,0.42294002,-0.28448
6549,-0.08848,0.42294002,-0.28448
6549,-0.08848,0.42294002,-0.28448
6570,-0.05936,0.44002002,-0.3073
6570,-0.05936,0.44002002,-0.3073
6591,-0.05936,0.44002002,-0.3073
6591,-0.05936,0.44002002,-0.3073
6613,-0.0343,0.45038,-0.3192
6613,-0.0343,0.45038,-0.3192
6634,-0.01204,0.45892,-0.32508
6634,-0.01204,0.45892,-0.32508
6655,-0.01204,0.45892,-0.32508
6677,0.0042000003,0.46620002,-0.32746002
6677,0.0042000003,0.46620002,-0.32746002
6698,-0.00168,0.46928,-0.31892002
6698,-0.00168,0.46928,-0.31892002
6719,-0.00168,0.46928,-0.31892002
6720,-0.00168,0.46928,-0.31892002
6741,-0.04718,0.46564,-0.29274002
6741,-0.04718,0.46564,-0.29274002
6762,-0.04718,0.46564,-0.29274002
6762,-0.04718,0.46564,-0.29274002
6783,-0.04718,0.46564,-0.29274002
6805,-0.11536001,0.44898,-0.23674001
6805,-0.11536001,0.44898,-0.23674001
6826,-0.16128,0.42434,-0.17906001
6826,-0.16128,0.42434,-0.17906001
6847,-0.16632001,0.43484002,-0.13188
6847,-0.16632001,0.43484002,-0.13188
6869,-0.16632001,0.43484002,-0.13188
6869,-0.16632001,0.43484002,-0.13188
6890,-0.17682001,0.43428,-0.09996
6890,-0.17682001,0.43428,-0.09996
6911,-0.17682001,0.43428,-0.09996
6911,-0.17682001,0.43428,-0.09996
6933,-0.17808,0.42700002,-0.06944
6954,-0.17808,0.42700002,-0.06944
6954,-0.17808,0.42700002,-0.06944
6975,-0.17052001,0.44030002,-0.049140003
6975,-0.17052001,0.44030002,-0.049140003
6997,-0.16968,0.45612,-0.0392
6997,-0.16968,0.45612,-0.0392
7018,-0.16968,0.45612,-0.0392
7018,-0.16968,0.45612,-0.0392
7039,-0.17052001,0.44898,-0.05558
7039,-0.17052001,0.44898,-0.05558
7061,-0.17052001,0.44898,-0.05558
7082,-0.17682001,0.448,-0.11144
7082,-0.17682001,0.448,-0.11144
7104,-0.17682001,0.448,-0.11144
7104,-0.17682001,0.448,-0.11144
7125,-0.15036,0.47544003,-0.1673
7125,-0.15036,0.47544003,-0.1673
7146,-0.102620006,0.51366,-0.19866
7146,-0.102620006,0.51366,-0.19866
7167,-0.102620006,0.51366,-0.19866
7167,-0.102620006,0.51366,-0.19866
7189,-0.0441,0.53718,-0.22302
7210,-0.0441,0.53718,-0.22302
7210,-0.0441,0.53718,-0.22302
7231,-0.01386,0.5425,-0.2359
7232,-0.01386,0.5425,-0.2359
7253,0.01162,0.54278004,-0.25186
7253,0.01162,0.54278004,-0.25186
7274,0.01162,0.54278004,-0.25186
7274,0.01162,0.54278004,-0.25186
7296,0.030520001,0.54516,-0.26124
7296,0.030520001,0.54516,-0.26124
7317,0.030520001,0.54516,-0.26124
7338,0.028700002,0.5404,-0.26418
7338,0.028700002,0.5404,-0.26418
7359,0.01932,0.53914,-0.2639
7359,0.01932,0.53914,-0.2639
7381,0.01932,0.53914,-0.2639
7381,0.01932,0.53914,-0.2639
7402,0.00322,0.5439,-0.24598001
7402,0.00322,0.5439,-0.24598001
7423,0.00322,0.5439,-0.24598001
7424,0.00322,0.5439,-0.24598001
7445,-0.018760001,0.55076003,-0.22134
7466,-0.018760001,0.55076003,-0.22134
7466,-0.018760001,0.55076003,-0.22134
7488,-0.018760001,0.55076003,-0.22134
7488,-0.018760001,0.55076003,-0.22134
7509,-0.018760001,0.55076003,-0.22134
7509,-0.018760001,0.55076003,-0.22134
7530,-0.06272,0.56294,-0.1323
7530,-0.06272,0.56294,-0.1323
7551,-0.048860002,0.56938004,-0.117460005
7551,-0.048860002,0.56938004,-0.117460005
7573,-0.048860002,0.56938004,-0.117460005
7594,-0.0504,0.57036,-0.114240006
7594,-0.0504,0.57036,-0.114240006
7615,-0.0504,0.57036,-0.114240006
7615,-0.0504,0.57036,-0.114240006
7637,-0.05558,0.56756,-0.0973
7637,-0.05558,0.56756,-0.0973
7658,-0.05558,0.56756,-0.0973
7658,-0.05558,0.56756,-0.0973
7679,-0.061460003,0.5698,-0.09002
7679,-0.061460003,0.5698,-0.09002
7701,-0.061460003,0.5698,-0.09002
7701,-0.061460003,0.5698,-0.09002
7722,-0.069860004,0.56392,-0.09254
7743,-0.07224,0.56168,-0.10514
7743,-0.07224,0.56168,-0.10514
7765,-0.07224,0.56168,-0.10514
7765,-0.07224,0.56168,-0.10514
7786,-0.07224,0.56168,-0.10514
7786,-0.07224,0.56168,-0.10514
7807,-0.071260005,0.56056,-0.1351
7807,-0.071260005,0.56056,-0.1351
7829,-0.05824,0.56126004,-0.1407
7829,-0.05824,0.56126004,-0.1407
7850,-0.05824,0.56126004,-0.1407
7871,-0.05824,0.56126004,-0.1407
7871,-0.05824,0.56126004,-0.1407
7893,-0.05824,0.56126004,-0.1407
7893,-0.05824,0.56126004,-0.1407
7914,0.0030800002,0.56644,-0.19922
7914,0.0030800002,0.56644,-0.19922
7935,0.0030800002,0.56644,-0.19922
7936,0.0030800002,0.56644,-0.19922
7957,0.0030800002,0.56644,-0.19922
7957,0.0030800002,0.56644,-0.19922
7978,0.0092400005,0.57008004,-0.18648
7999,0.0092400005,0.57008004,-0.18648
7999,0.0092400005,0.57008004,-0.18648
8021,-0.0063,0.57064,-0.15918
8021,-0.0063,0.57064,-0.15918
8042,-0.0063,0.57064,-0.15918
8042,-0.0063,0.57064,-0.15918
8063,-0.0056000003,0.58618003,-0.120120004
8063,-0.0056000003,0.58618003,-0.120120004
8085,0.01694,0.59346,-0.0938
8085,0.01694,0.59346,-0.0938
8106,0.01694,0.59346,-0.0938
8127,0.01694,0.59346,-0.0938
8127,0.01694,0.59346,-0.0938
8149,0.01694,0.59346,-0.0938
8149,0.01694,0.59346,-0.0938
8170,0.00252,0.59724003,-0.1071
8170,0.00252,0.59724003,-0.1071
8192,0.00252,0.59724003,-0.1071
8192,0.00252,0.59724003,-0.1071
8213,0.0329,0.61012,-0.13524
8213,0.0329,0.61012,-0.13524
8234,0.0329,0.61012,-0.13524
8255,0.03668,0.60564,-0.18592
8255,0.03668,0.60564,-0.18592
8277,0.037800003,0.5901,-0.2149
8277,0.037800003,0.5901,-0.2149
8298,0.037800003,0.5901,-0.2149
8298,0.037800003,0.5901,-0.2149
8320,0.04256,0.5838,-0.23394
8320,0.04256,0.5838,-0.23394
8341,0.04256,0.5838,-0.23394
8341,0.04256,0.5838,-0.23394
8362,0.05586,0.58282,-0.23114
8383,0.09968,0.59892,-0.19278
8383,0.09968,0.59892,-0.19278
8405,0.09968,0.59892,-0.19278
8405,0.09968,0.59892,-0.19278
8426,0.15946001,0.60620004,-0.121240005
8426,0.15946001,0.60620004,-0.121240005
8447,0.16366,0.60368,-0.0721
8447,0.16366,0.60368,-0.0721
8469,0.16366,0.60368,-0.0721
8469,0.16366,0.60368,-0.0721
8490,0.168,0.60228,-0.03626
8511,0.168,0.60228,-0.03626
8511,0.168,0.60228,-0.03626
8533,0.16268,0.60312,-0.02394
8533,0.16268,0.60312,-0.02394
8554,0.16520001,0.60228,-0.0357
8554,0.16520001,0.60228,-0.0357
8575,0.16520001,0.60228,-0.0357
8575,0.16520001,0.60228,-0.0357
8597,0.14840001,0.60214,-0.037100002
8597,0.14840001,0.60214,-0.037100002
8618,0.14840001,0.60214,-0.037100002
8618,0.14840001,0.60214,-0.037100002
8639,0.14056,0.60018003,-0.026320001
8661,0.14056,0.60018003,-0.026320001
8661,0.14056,0.60018003,-0.026320001
8682,0.12740001,0.60102004,-0.0102200005
8682,0.12740001,0.60102004,-0.0102200005
8703,0.16996,0.58758,0.01176
8703,0.16996,0.58758,0.01176
8725,0.16996,0.58758,0.01176
8725,0.16996,0.58758,0.01176
8746,0.24934001,0.56952,0.0028000001
8747,0.24934001,0.56952,0.0028000001
8767,0.24934001,0.56952,0.0028000001
8789,0.29512,0.55972004,-0.090160005
8789,0.29512,0.55972004,-0.090160005
8810,0.31024,0.52906,-0.1841
8810,0.31024,0.52906,-0.1841
8831,0.31024,0.52906,-0.1841
8831,0.31024,0.52906,-0.1841
8853,0.27468002,0.51646,-0.24976
8853,0.27468002,0.51646,-0.24976
8874,0.27468002,0.51646,-0.24976
8874,0.27468002,0.51646,-0.24976
8895,0.18508,0.50848,-0.32886
8917,0.18508,0.50848,-0.32886
8917,0.18508,0.50848,-0.32886
8938,0.18508,0.50848,-0.32886
8938,0.18508,0.50848,-0.32886
8959,0.15694,0.48314002,-0.35378
8959,0.15694,0.48314002,-0.35378
8981,0.15694,0.48314002,-0.35378
8981,0.15694,0.48314002,-0.35378
9002,0.14882,0.46060002,-0.36526
9002,0.14882,0.46060002,-0.36526
9023,0.14882,0.46060002,-0.36526
9045,0.22064,0.46494,-0.33936
9045,0.22064,0.46494,-0.33936
9066,0.322,0.46522,-0.21756001
9066,0.322,0.46522,-0.21756001
9091,0.322,0.46522,-0.21756001
9091,0.322,0.46522,-0.21756001
9110,0.42042002,0.41706002,-0.10332
9111,0.42042002,0.41706002,-0.10332
9132,0.42042002,0.41706002,-0.10332
9132,0.42042002,0.41706002,-0.10332
9152,0.42728,0.38626,0.01596
9173,0.42728,0.38626,0.01596
9173,0.42728,0.38626,0.01596
9194,0.40348002,0.37030002,0.094500005
9194,0.40348002,0.37030002,0.094500005
9215,0.40348002,0.37030002,0.094500005
9215,0.40348002,0.37030002,0.094500005
9246,0.3416,0.3731,0.1561
9246,0.3416,0.3731,0.1561
9259,0.3416,0.3731,0.1561
9259,0.3416,0.3731,0.1561
9279,0.24626,0.4144,0.20258
9301,0.24626,0.4144,0.20258
9301,0.24626,0.4144,0.20258
9322,0.2219,0.42308,0.2079
9322,0.2219,0.42308,0.2079
9343,0.2219,0.42308,0.2079
9343,0.2219,0.42308,0.2079
9364,0.2072,0.40866002,0.21084
9365,0.2072,0.40866002,0.21084
9386,0.2072,0.40866002,0.21084
9386,0.2072,0.40866002,0.21084
9407,0.22204001,0.38206002,0.21896
9407,0.22204001,0.38206002,0.21896
9429,0.28742,0.31346002,0.20776
9450,0.28742,0.31346002,0.20776
9450,0.28742,0.31346002,0.20776
9471,0.37772,0.25648,0.14812
9472,0.37772,0.25648,0.14812
9493,0.37772,0.25648,0.14812
9493,0.37772,0.25648,0.14812
9514,0.44128,0.22442001,0.0399
9514,0.44128,0.22442001,0.0399
9535,0.44128,0.22442001,0.0399
9535,0.44128,0.22442001,0.0399
9557,0.46788,0.24612,-0.093940005
9578,0.44128,0.26726002,-0.21924001
9578,0.44128,0.26726002,-0.21924001
9599,0.44128,0.26726002,-0.21924001
9599,0.44128,0.26726002,-0.21924001
9621,0.38430002,0.28084,-0.30408
9621,0.38430002,0.28084,-0.30408
9642,0.38430002,0.28084,-0.30408
9642,0.38430002,0.28084,-0.30408
9663,0.31010002,0.30114,-0.37114
9663,0.31010002,0.30114,-0.37114
9685,0.22806,0.28798002,-0.4081
9706,0.22806,0.28798002,-0.4081
9706,0.22806,0.28798002,-0.4081
9727,0.16898,0.25746,-0.4207
9727,0.16898,0.25746,-0.4207
9749,0.16898,0.25746,-0.4207
9749,0.16898,0.25746,-0.4207
9770,0.17654,0.23184,-0.41692
9770,0.17654,0.23184,-0.41692
9792,0.17654,0.23184,-0.41692
9792,0.17654,0.23184,-0.41692
9813,0.26502,0.19978,-0.37366
9834,0.37366,0.15554,-0.27454
9835,0.37366,0.15554,-0.27454
9855,0.37366,0.15554,-0.27454
9855,0.37366,0.15554,-0.27454
9877,0.44842002,0.13762,-0.057260003
9877,0.44842002,0.13762,-0.057260003
9898,0.44842002,0.13762,-0.057260003
9898,0.44842002,0.13762,-0.057260003
9919,0.43302003,0.18032001,0.0644
9920,0.43302003,0.18032001,0.0644
9941,0.43302003,0.18032001,0.0644
9962,0.39368,0.22218001,0.13272001
9962,0.39368,0.22218001,0.13272001
9984,0.39368,0.22218001,0.13272001
9984,0.39368,0.22218001,0.13272001
10005,0.3486,0.2653,0.18102
10005,0.3486,0.2653,0.18102
10026,0.29638,0.29778,0.21378
10026,0.29638,0.29778,0.21378
10047,0.29638,0.29778,0.21378
10047,0.29638,0.29778,0.21378
10069,0.25844002,0.32648,0.2324
10090,0.25844002,0.32648,0.2324
10090,0.25844002,0.32648,0.2324
10111,0.25844002,0.32648,0.2324
10111,0.25844002,0.32648,0.2324
10133,0.26026002,0.31080002,0.23254001
10133,0.26026002,0.31080002,0.23254001
10154,0.26026002,0.31080002,0.23254001
10154,0.26026002,0.31080002,0.23254001
10175,0.37030002,0.19432001,0.15694
10175,0.37030002,0.19432001,0.15694
10197,0.37030002,0.19432001,0.15694
10218,0.37030002,0.19432001,0.15694
10218,0.37030002,0.19432001,0.15694
10239,0.41342002,0.08568,-0.1176
10240,0.41342002,0.08568,-0.1176
10261,0.41342002,0.08568,-0.1176
10261,0.41342002,0.08568,-0.1176
10282,0.37786,0.07588,-0.22512001
10282,0.37786,0.07588,-0.22512001
10304,0.37786,0.07588,-0.22512001
10304,0.37786,0.07588,-0.22512001
10325,0.31346002,0.07644,-0.30436
10325,0.31346002,0.07644,-0.30436
10346,0.31346002,0.07644,-0.30436
10367,0.2422,0.075320005,-0.34468
10367,0.2422,0.075320005,-0.34468
10389,0.16408001,0.07056,-0.35574
10389,0.16408001,0.07056,-0.35574
10410,0.16408001,0.07056,-0.35574
10410,0.16408001,0.07056,-0.35574
10431,0.07,0.06776,-0.35196
10431,0.07,0.06776,-0.35196
10453,0.07,0.06776,-0.35196
10453,0.07,0.06776,-0.35196
10474,0.0112000005,0.067200005,-0.33558002
10495,0.0112000005,0.067200005,-0.33558002
10495,0.0112000005,0.067200005,-0.33558002
10517,0.0322,0.05572,-0.33040002
10517,0.0322,0.05572,-0.33040002
10538,0.0322,0.05572,-0.33040002
10538,0.0322,0.05572,-0.33040002
10559,0.116340004,0.03528,-0.32606
10559,0.116340004,0.03528,-0.32606
10581,0.22764,0.0112000005,-0.26922
10581,0.22764,0.0112000005,-0.26922
10602,0.22764,0.0112000005,-0.26922
10623,0.3003,-0.02562,-0.1526
10623,0.3003,-0.02562,-0.1526
10645,0.3003,-0.02562,-0.1526
10645,0.3003,-0.02562,-0.1526
10666,0.32382,-0.01974,0.00854
10666,0.32382,-0.01974,0.00854
10688,0.31122002,0.02982,0.10164
10688,0.31122002,0.02982,0.10164
10709,0.31122002,0.02982,0.10164
10709,0.31122002,0.02982,0.10164
10730,0.28154,0.08022,0.17556
10752,0.28154,0.08022,0.17556
10752,0.28154,0.08022,0.17556
10773,0.28154,0.08022,0.17556
10773,0.28154,0.08022,0.17556
10794,0.23142001,0.17136,0.23968
10794,0.23142001,0.17136,0.23968
10815,0.23142001,0.17136,0.23968
10816,0.23142001,0.17136,0.23968
10837,0.17906001,0.25354,0.25606
10837,0.17906001,0.25354,0.25606
10858,0.1351,0.31122002,0.25550002
10879,0.1351,0.31122002,0.25550002
10879,0.1351,0.31122002,0.25550002
10901,0.1351,0.31122002,0.25550002
10901,0.1351,0.31122002,0.25550002
10922,0.1428,0.2639,0.25508
10922,0.1428,0.2639,0.25508
10943,0.1428,0.2639,0.25508
10943,0.1428,0.2639,0.25508
10965,0.1428,0.2639,0.25508
10965,0.1428,0.2639,0.25508
10986,0.1428,0.2639,0.25508
11007,0.23016001,-0.053200003,-0.10682
11008,0.23016001,-0.053200003,-0.10682
11029,0.23016001,-0.053200003,-0.10682
11029,0.23016001,-0.053200003,-0.10682
11050,0.25102,0.0203,-0.26782
11050,0.25102,0.0203,-0.26782
11071,0.25102,0.0203,-0.26782
11072,0.25102,0.0203,-0.26782
11093,0.24262,0.113960005,-0.36414
11093,0.24262,0.113960005,-0.36414
11114,0.24010001,0.18452,-0.38038
11114,0.24010001,0.18452,-0.38038
11135,0.24010001,0.18452,-0.38038
11157,0.21700001,0.20146,-0.3934
11157,0.21700001,0.20146,-0.3934
11178,0.21700001,0.20146,-0.3934
11178,0.21700001,0.20146,-0.3934
11200,0.18214001,0.17052001,-0.39074
11200,0.18214001,0.17052001,-0.39074
11221,0.18858,0.08708,-0.3556
11221,0.18858,0.08708,-0.3556
11242,0.18858,0.08708,-0.3556
11242,0.18858,0.08708,-0.3556
11263,0.22736001,0.00798,-0.25522
11285,0.22736001,0.00798,-0.25522
11285,0.22736001,0.00798,-0.25522
11306,0.26544002,-0.0392,-0.094220005
11306,0.26544002,-0.0392,-0.094220005
11327,0.26544002,-0.0392,-0.094220005
11327,0.26544002,-0.0392,-0.094220005
11349,0.27594,-0.00546,0.07756
11349,0.27594,-0.00546,0.07756
11370,0.26656002,0.03836,0.1393
11370,0.26656002,0.03836,0.1393
11391,0.26656002,0.03836,0.1393
11413,0.24192001,0.0763,0.17808
11413,0.24192001,0.0763,0.17808
11434,0.24192001,0.0763,0.17808
11434,0.24192001,0.0763,0.17808
11455,0.231,0.07686,0.18900001
11455,0.231,0.07686,0.18900001
11477,0.231,0.07686,0.18900001
11477,0.231,0.07686,0.18900001
11498,0.1974,0.08624,0.19768001
11498,0.1974,0.08624,0.19768001
11519,0.16702001,0.09464,0.20482
11541,0.16702001,0.09464,0.20482
11541,0.16702001,0.09464,0.20482
11562,0.16548,0.10416,0.20552
11562,0.16548,0.10416,0.20552
11584,0.1918,0.091280006,0.19194001
11584,0.1918,0.091280006,0.19194001
11605,0.1918,0.091280006,0.19194001
11605,0.1918,0.091280006,0.19194001
11626,0.21714,0.06174,0.15484
11626,0.21714,0.06174,0.15484
11648,0.21714,0.06174,0.15484
11669,0.25984,0.030660002,0.11956
11669,0.25984,0.030660002,0.11956
11690,0.29652,-0.00784,0.0357
11690,0.29652,-0.00784,0.0357
11711,0.29652,-0.00784,0.0357
11711,0.29652,-0.00784,0.0357
11733,0.30044,-0.02506,-0.07238
11733,0.30044,-0.02506,-0.07238
11754,0.26852,-0.03584,-0.16044
11754,0.26852,-0.03584,-0.16044
11775,0.26852,-0.03584,-0.16044
11797,0.26852,-0.03584,-0.16044
11797,0.26852,-0.03584,-0.16044
11818,0.19796,-0.04438,-0.20468001
11818,0.19796,-0.04438,-0.20468001
11840,0.14896001,-0.04228,-0.22344
11840,0.14896001,-0.04228,-0.22344
11861,0.089320004,-0.0511,-0.18298
11861,0.089320004,-0.0511,-0.18298
11882,0.089320004,-0.0511,-0.18298
11882,0.089320004,-0.0511,-0.18298
11903,0.061040003,-0.06328,-0.13398
11925,0.061040003,-0.06328,-0.13398
11925,0.061040003,-0.06328,-0.13398
11946,0.049560003,-0.06202,-0.08218
11946,0.049560003,-0.06202,-0.08218
11968,0.0427,-0.057540003,-0.05376
11968,0.0427,-0.057540003,-0.05376
11989,0.0427,-0.057540003,-0.05376
11989,0.0427,-0.057540003,-0.05376
12010,0.056280002,-0.060200002,-0.067200005
12010,0.056280002,-0.060200002,-0.067200005
12032,0.056280002,-0.060200002,-0.067200005
12032,0.056280002,-0.060200002,-0.067200005
12053,0.08064,-0.06916,-0.086100005
12074,0.113120005,-0.0651,-0.10332
12074,0.113120005,-0.0651,-0.10332
12095,0.113120005,-0.0651,-0.10332
12095,0.113120005,-0.0651,-0.10332
12117,0.1603,-0.06426,-0.098840006
12117,0.1603,-0.06426,-0.098840006
12138,0.21504,-0.057680003,-0.1127
12139,0.21504,-0.057680003,-0.1127
12159,0.21504,-0.057680003,-0.1127
12159,0.21504,-0.057680003,-0.1127
12181,0.25396,-0.045500003,-0.12348
12202,0.25396,-0.045500003,-0.12348
12202,0.25396,-0.045500003,-0.12348
12223,0.26376,-0.028420001,-0.16114001
12223,0.26376,-0.028420001,-0.16114001
12245,0.26376,-0.028420001,-0.16114001
12245,0.26376,-0.028420001,-0.16114001
12266,0.2744,-0.020440001,-0.18074
12266,0.2744,-0.020440001,-0.18074
12288,0.30128002,-0.00434,-0.20034
12288,0.30128002,-0.00434,-0.20034
12309,0.30128002,-0.00434,-0.20034
12330,0.30352,0.013160001,-0.21378
12330,0.30352,0.013160001,-0.21378
12352,0.26432002,0.01148,-0.25326002
12352,0.26432002,0.01148,-0.25326002
12373,0.26432002,0.01148,-0.25326002
12373,0.26432002,0.01148,-0.25326002
12394,0.18312001,0.01246,-0.28812
12394,0.18312001,0.01246,-0.28812
12415,0.18312001,0.01246,-0.28812
12416,0.18312001,0.01246,-0.28812
12437,0.12320001,0.01554,-0.29764
12458,0.12320001,0.01554,-0.29764
12458,0.12320001,0.01554,-0.29764
12479,0.10724001,0.00070000003,-0.27468002
12479,0.10724001,0.00070000003,-0.27468002
12501,0.094500005,-0.01722,-0.25186
12501,0.094500005,-0.01722,-0.25186
12522,0.094500005,-0.01722,-0.25186
12522,0.094500005,-0.01722,-0.25186
12543,0.0441,-0.02156,-0.23436001
12543,0.0441,-0.02156,-0.23436001
12565,-0.0112000005,-0.02702,-0.1645
12586,-0.0112000005,-0.02702,-0.1645
12586,-0.0112000005,-0.02702,-0.1645
12607,-0.0112000005,-0.02702,-0.1645
12607,-0.0112000005,-0.02702,-0.1645
12629,-0.0112000005,-0.02702,-0.1645
12629,-0.0112000005,-0.02702,-0.1645
12650,-0.106120005,0.033320002,0.00546
12650,-0.106120005,0.033320002,0.00546
12671,-0.106120005,0.033320002,0.00546
12672,-0.106120005,0.033320002,0.00546
12693,-0.10682,0.04676,0.026600001
12714,-0.1008,0.041300002,0.02492
12714,-0.1008,0.041300002,0.02492
12735,-0.1008,0.041300002,0.02492
12736,-0.1008,0.041300002,0.02492
12757,-0.10864,0.0329,-0.01456
12757,-0.10864,0.0329,-0.01456
12778,-0.10864,0.0329,-0.01456
12778,-0.10864,0.0329,-0.01456
12799,-0.10402,0.026460001,-0.0938
12800,-0.10402,0.026460001,-0.0938
12821,-0.10402,0.026460001,-0.0938
12821,-0.10402,0.026460001,-0.0938
12842,-0.10402,0.026460001,-0.0938
12863,-0.08372,0.02758,-0.19012001
12864,-0.08372,0.02758,-0.19012001
12885,-0.05488,0.021,-0.23954001
12885,-0.05488,0.021,-0.23954001
12906,-0.05488,0.021,-0.23954001
12906,-0.05488,0.021,-0.23954001
12927,0.00574,0.028,-0.28056002
12927,0.00574,0.028,-0.28056002
12949,0.00574,0.028,-0.28056002
12949,0.00574,0.028,-0.28056002
12970,0.00574,0.028,-0.28056002
12991,0.04648,0.03668,-0.30324
12991,0.04648,0.03668,-0.30324
13013,0.0763,0.0329,-0.3129
13013,0.0763,0.0329,-0.3129
13034,0.0763,0.0329,-0.3129
13034,0.0763,0.0329,-0.3129
13055,0.0763,0.0329,-0.3129
13055,0.0763,0.0329,-0.3129
13077,0.06944,0.030380001,-0.30758
13077,0.06944,0.030380001,-0.30758
13098,0.06944,0.030380001,-0.30758
13119,0.06944,0.030380001,-0.30758
13119,0.06944,0.030380001,-0.30758
13141,0.06944,0.030380001,-0.30758
13141,0.06944,0.030380001,-0.30758
13162,-0.0343,0.0539,-0.28238
13162,-0.0343,0.0539,-0.28238
13184,-0.0343,0.0539,-0.28238
13184,-0.0343,0.0539,-0.28238
13205,-0.0343,0.0539,-0.28238
13205,-0.0343,0.0539,-0.28238
13226,-0.1932,0.14252001,-0.126
13247,-0.1932,0.14252001,-0.126
13248,-0.1932,0.14252001,-0.126
13269,-0.1932,0.14252001,-0.126
13269,-0.1932,0.14252001,-0.126
13290,-0.1932,0.14252001,-0.126
13290,-0.1932,0.14252001,-0.126
13311,-0.20328,0.19978,0.04606
13311,-0.20328,0.19978,0.04606
13333,-0.20328,0.19978,0.04606
13333,-0.20328,0.19978,0.04606
13354,-0.20328,0.19978,0.04606
13375,-0.20328,0.19978,0.04606
13375,-0.20328,0.19978,0.04606
13397,-0.20328,0.19978,0.04606
13397,-0.20328,0.19978,0.04606
13418,-0.19082001,0.25354,0.0805
13418,-0.19082001,0.25354,0.0805
13439,-0.19082001,0.25354,0.0805
13440,-0.19082001,0.25354,0.0805
13461,-0.19082001,0.25354,0.0805
13461,-0.19082001,0.25354,0.0805
13482,-0.22960001,0.24780001,-0.04676
13503,-0.22960001,0.24780001,-0.04676
13504,-0.22960001,0.24780001,-0.04676
13525,-0.22960001,0.24780001,-0.04676
13525,-0.22960001,0.24780001,-0.04676
13546,-0.22960001,0.24780001,-0.04676
13546,-0.22960001,0.24780001,-0.04676
13567,-0.19866,0.24178001,-0.23338
13567,-0.19866,0.24178001,-0.23338
13589,-0.19866,0.24178001,-0.23338
13589,-0.19866,0.24178001,-0.23338
13610,-0.19866,0.24178001,-0.23338
13632,-0.19866,0.24178001,-0.23338
13632,-0.19866,0.24178001,-0.23338
13653,-0.19866,0.24178001,-0.23338
13653,-0.19866,0.24178001,-0.23338
13674,-0.15498,0.32998002,-0.30156
13674,-0.15498,0.32998002,-0.30156
13695,-0.15498,0.32998002,-0.30156
13695,-0.15498,0.32998002,-0.30156
13717,-0.15498,0.32998002,-0.30156
13717,-0.15498,0.32998002,-0.30156
13738,-0.15498,0.32998002,-0.30156
13738,-0.15498,0.32998002,-0.30156
13759,-0.1729,0.42112002,-0.22036001
13781,-0.19642,0.43246,-0.14140001
13781,-0.19642,0.43246,-0.14140001
13802,-0.2079,0.41454002,-0.07182
13802,-0.2079,0.41454002,-0.07182
13823,-0.2079,0.41454002,-0.07182
13823,-0.2079,0.41454002,-0.07182
13845,-0.20944001,0.39984,-0.03976
13845,-0.20944001,0.39984,-0.03976
13866,-0.20944001,0.39984,-0.03976
13866,-0.20944001,0.39984,-0.03976
13888,-0.21252,0.38500002,0.01302
13909,-0.21252,0.38500002,0.01302
13909,-0.21252,0.38500002,0.01302
13930,-0.21252,0.38500002,0.01302
13930,-0.21252,0.38500002,0.01302
13952,-0.21252,0.38500002,0.01302
13952,-0.21252,0.38500002,0.01302
13973,-0.21252,0.38500002,0.01302
13973,-0.21252,0.38500002,0.01302
13994,-0.16296001,0.40208,0.104720004
13995,-0.16296001,0.40208,0.104720004
14015,-0.15666,0.43722,0.08764
14037,-0.16016,0.47124,0.05124
14037,-0.16016,0.47124,0.05124
14058,-0.16016,0.47124,0.05124
14058,-0.16016,0.47124,0.05124
14080,-0.16912,0.5089,-0.045780003
14080,-0.16912,0.5089,-0.045780003
14101,-0.16912,0.5089,-0.045780003
14101,-0.16912,0.5089,-0.045780003
14122,-0.17332001,0.4844,-0.16856
14122,-0.17332001,0.4844,-0.16856
14143,-0.17332001,0.4844,-0.16856
14165,-0.17332001,0.4844,-0.16856
14165,-0.17332001,0.4844,-0.16856
14186,-0.17332001,0.4844,-0.16856
14186,-0.17332001,0.4844,-0.16856
14207,-0.17738001,0.41664,-0.23506
14208,-0.17738001,0.41664,-0.23506
14229,-0.17738001,0.41664,-0.23506
14229,-0.17738001,0.41664,-0.23506
14250,-0.17738001,0.41664,-0.23506
14250,-0.17738001,0.41664,-0.23506
14271,-0.17738001,0.41664,-0.23506
14293,-0.09618,0.25368002,-0.36624002
14293,-0.09618,0.25368002,-0.36624002
14314,-0.04298,0.16170001,-0.35672
14314,-0.04298,0.16170001,-0.35672
14336,-0.04298,0.16170001,-0.35672
14336,-0.04298,0.16170001,-0.35672
14357,-0.04298,0.16170001,-0.35672
14357,-0.04298,0.16170001,-0.35672
14378,-0.04298,0.16170001,-0.35672
14378,-0.04298,0.16170001,-0.35672
14400,-0.13328001,0.14742,-0.24878001
14421,-0.13328001,0.14742,-0.24878001
14421,-0.13328001,0.14742,-0.24878001
14442,-0.13328001,0.14742,-0.24878001
14442,-0.13328001,0.14742,-0.24878001
14463,-0.13328001,0.14742,-0.24878001
14464,-0.13328001,0.14742,-0.24878001
14485,-0.16478,0.09646,-0.06538
14485,-0.16478,0.09646,-0.06538
14506,-0.16478,0.09646,-0.06538
14506,-0.16478,0.09646,-0.06538
14527,-0.16478,0.09646,-0.06538
14527,-0.16478,0.09646,-0.06538
14549,-0.097720005,0.02562,0.033180002
14570,-0.097720005,0.02562,0.033180002
14570,-0.097720005,0.02562,0.033180002
14591,-0.097720005,0.02562,0.033180002
14592,-0.097720005,0.02562,0.033180002
14613,-0.097720005,0.02562,0.033180002
14613,-0.097720005,0.02562,0.033180002
14635,-0.097720005,0.02562,0.033180002
14635,-0.097720005,0.02562,0.033180002
14655,-0.091280006,0.03948,0.05796
14655,-0.091280006,0.03948,0.05796
14677,-0.091280006,0.03948,0.05796
14698,-0.12194,0.0504,-0.02128
14699,-0.12194,0.0504,-0.02128
14719,-0.12194,0.0504,-0.02128
14719,-0.12194,0.0504,-0.02128
14741,-0.12194,0.0504,-0.02128
14741,-0.12194,0.0504,-0.02128
14762,-0.12194,0.0504,-0.02128
14763,-0.12194,0.0504,-0.02128
14784,-0.12194,0.0504,-0.02128
14784,-0.12194,0.0504,-0.02128
14805,-0.11214,0.037800003,-0.100940004
14826,-0.11214,0.037800003,-0.100940004
14826,-0.11214,0.037800003,-0.100940004
14848,-0.11214,0.037800003,-0.100940004
14848,-0.11214,0.037800003,-0.100940004
14869,-0.11214,0.037800003,-0.100940004
14869,-0.11214,0.037800003,-0.100940004
14890,-0.0014000001,-0.0217,-0.1659
14890,-0.0014000001,-0.0217,-0.1659
14911,-0.0014000001,-0.0217,-0.1659
14912,-0.0014000001,-0.0217,-0.1659
14933,0.016520001,-0.03794,-0.14784001
14954,0.04592,-0.0504,-0.10626
14954,0.04592,-0.0504,-0.10626
14975,0.04592,-0.0504,-0.10626
14975,0.04592,-0.0504,-0.10626
14997,0.04592,-0.0504,-0.10626
14997,0.04592,-0.0504,-0.10626
15018,0.04592,-0.0504,-0.10626
15018,0.04592,-0.0504,-0.10626
15039,0.04592,-0.0504,-0.10626
15040,0.04592,-0.0504,-0.10626
15061,0.04592,-0.0504,-0.10626
15082,0.087500006,-0.05796,-0.10052
15082,0.087500006,-0.05796,-0.10052
15103,0.087500006,-0.05796,-0.10052
15103,0.087500006,-0.05796,-0.10052
15125,0.087500006,-0.05796,-0.10052
15125,0.087500006,-0.05796,-0.10052
15146,0.087500006,-0.05796,-0.10052
15146,0.087500006,-0.05796,-0.10052
15167,0.10794,-0.0623,-0.17556
15167,0.10794,-0.0623,-0.17556
15189,0.1141,-0.06874,-0.15288
15210,0.1141,-0.06874,-0.15288
15210,0.1141,-0.06874,-0.15288
15231,0.19264,-0.070140004,-0.10724001
15232,0.19264,-0.070140004,-0.10724001
15253,0.19264,-0.070140004,-0.10724001
15253,0.19264,-0.070140004,-0.10724001
15274,0.23114,-0.05432,0.00966
15274,0.23114,-0.05432,0.00966
15296,0.23114,-0.05432,0.00966
15296,0.23114,-0.05432,0.00966
15317,0.20650001,0.01176,0.13090001
15338,0.20650001,0.01176,0.13090001
15338,0.20650001,0.01176,0.13090001
15359,0.20650001,0.01176,0.13090001
15360,0.20650001,0.01176,0.13090001
15381,0.14896001,0.0686,0.2037
15381,0.14896001,0.0686,0.2037
15402,0.14896001,0.0686,0.2037
15402,0.14896001,0.0686,0.2037
15423,0.17556,0.10808,0.21966
15423,0.17556,0.10808,0.21966
15445,0.21000001,0.112,0.21014
15445,0.21000001,0.112,0.21014
15466,0.21000001,0.112,0.21014
15487,0.21000001,0.112,0.21014
15488,0.21000001,0.112,0.21014
15509,0.2583,0.1246,0.20244001
15509,0.2583,0.1246,0.20244001
15530,0.31556,0.1302,0.17584
15531,0.31556,0.1302,0.17584
15551,0.37324002,0.13328001,0.12306
15552,0.37324002,0.13328001,0.12306
15573,0.37324002,0.13328001,0.12306
15573,0.37324002,0.13328001,0.12306
15594,0.42826,0.13258,0.04802
15615,0.4585,0.1386,-0.06482
15616,0.4585,0.1386,-0.06482
15637,0.4585,0.1386,-0.06482
15637,0.4585,0.1386,-0.06482
15658,0.45654002,0.15274,-0.13426
15658,0.45654002,0.15274,-0.13426
15680,0.45654002,0.15274,-0.13426
15680,0.45654002,0.15274,-0.13426
15701,0.45024002,0.17458001,-0.18438001
15701,0.45024002,0.17458001,-0.18438001
15722,0.45024002,0.17458001,-0.18438001
15743,0.45024002,0.17458001,-0.18438001
15743,0.45024002,0.17458001,-0.18438001
15765,0.45024002,0.17458001,-0.18438001
15765,0.45024002,0.17458001,-0.18438001
15787,0.45024002,0.17458001,-0.18438001
15787,0.45024002,0.17458001,-0.18438001
15807,0.45024002,0.17458001,-0.18438001
15807,0.45024002,0.17458001,-0.18438001
15829,0.45024002,0.17458001,-0.18438001
15829,0.45024002,0.17458001,-0.18438001
15850,0.45024002,0.17458001,-0.18438001
15872,0.45024002,0.17458001,-0.18438001
15872,0.45024002,0.17458001,-0.18438001
15893,0.45024002,0.17458001,-0.18438001
15893,0.45024002,0.17458001,-0.18438001
15914,0.45024002,0.17458001,-0.18438001
15914,0.45024002,0.17458001,-0.18438001
15935,0.19628,0.45878002,0.19222
15936,0.19628,0.45878002,0.19222
15957,0.17864001,0.48132002,0.17850001
15957,0.17864001,0.48132002,0.17850001
15978,0.17864001,0.48132002,0.17850001
15999,0.17864001,0.48132002,0.17850001
16000,0.17864001,0.48132002,0.17850001
16021,0.26264,0.54922,0.03486
16021,0.26264,0.54922,0.03486
16042,0.26264,0.54922,0.03486
16042,0.26264,0.54922,0.03486
16064,0.3052,0.55622,-0.1323
16064,0.3052,0.55622,-0.1323
16085,0.3052,0.55622,-0.1323
16085,0.3052,0.55622,-0.1323
16106,0.27846,0.53564,-0.31402
16128,0.27846,0.53564,-0.31402
16128,0.27846,0.53564,-0.31402
16149,0.20426,0.50274,-0.33670002
16149,0.20426,0.50274,-0.33670002
16170,0.15862,0.46928,-0.36274
16170,0.15862,0.46928,-0.36274
16191,0.15862,0.46928,-0.36274
16191,0.15862,0.46928,-0.36274
16213,0.15862,0.46928,-0.36274
16213,0.15862,0.46928,-0.36274
16235,0.15862,0.46928,-0.36274
16235,0.15862,0.46928,-0.36274
16255,0.15862,0.46928,-0.36274
16277,0.15862,0.46928,-0.36274
16277,0.15862,0.46928,-0.36274
16298,0.15862,0.46928,-0.36274
16298,0.15862,0.46928,-0.36274
16320,0.22232,0.53396,-0.27454
16320,0.22232,0.53396,-0.27454
16341,0.24122001,0.56616,-0.20566
16341,0.24122001,0.56616,-0.20566
16362,0.24122001,0.56616,-0.20566
16363,0.24122001,0.56616,-0.20566
16383,0.24122001,0.56616,-0.20566
16405,0.24122001,0.56616,-0.20566
16405,0.24122001,0.56616,-0.20566
16426,0.24122001,0.56616,-0.20566
16426,0.24122001,0.56616,-0.20566
16448,0.24122001,0.56616,-0.20566
16448,0.24122001,0.56616,-0.20566
16469,0.1435,0.5964,0.012320001
16469,0.1435,0.5964,0.012320001
16490,0.1435,0.5964,0.012320001
16490,0.1435,0.5964,0.012320001
16512,0.1435,0.5964,0.012320001
16533,0.084,0.5691,0.091280006
16533,0.084,0.5691,0.091280006
16554,0.084,0.5691,0.091280006
16554,0.084,0.5691,0.091280006
16575,0.084,0.5691,0.091280006
16576,0.084,0.5691,0.091280006
16597,0.084,0.5691,0.091280006
16597,0.084,0.5691,0.091280006
16618,0.05572,0.47712,0.17976001
16618,0.05572,0.47712,0.17976001
16639,0.05572,0.47712,0.17976001
16661,0.077980004,0.4347,0.20650001
16661,0.077980004,0.4347,0.20650001
16682,0.112560004,0.34986,0.2345
16682,0.112560004,0.34986,0.2345
16703,0.112560004,0.34986,0.2345
16704,0.112560004,0.34986,0.2345
16725,0.112560004,0.34986,0.2345
16725,0.112560004,0.34986,0.2345
16746,0.112560004,0.34986,0.2345
16746,0.112560004,0.34986,0.2345
16768,0.112560004,0.34986,0.2345
16789,0.112560004,0.34986,0.2345
16789,0.112560004,0.34986,0.2345
16810,0.112560004,0.34986,0.2345
16810,0.112560004,0.34986,0.2345
16832,0.112560004,0.34986,0.2345
16832,0.112560004,0.34986,0.2345
16853,0.19572,0.121800005,0.19796
16853,0.19572,0.121800005,0.19796
16874,0.19572,0.121800005,0.19796
16874,0.19572,0.121800005,0.19796
16896,0.21504,0.08358,0.1715
16917,0.21504,0.08358,0.1715
16917,0.21504,0.08358,0.1715
16938,0.21504,0.08358,0.1715
16938,0.21504,0.08358,0.1715
16960,0.21504,0.08358,0.1715
16960,0.21504,0.08358,0.1715
16981,0.20944001,-0.01764,0.06524
16981,0.20944001,-0.01764,0.06524
17002,0.23030001,-0.0581,-0.12684001
17002,0.23030001,-0.0581,-0.12684001
17023,0.23030001,-0.0581,-0.12684001
17045,0.23030001,-0.0581,-0.12684001
17045,0.23030001,-0.0581,-0.12684001
17066,0.23030001,-0.0581,-0.12684001
17066,0.23030001,-0.0581,-0.12684001
17088,0.23114,-0.03248,-0.2184
17088,0.23114,-0.03248,-0.2184
17109,0.23114,-0.03248,-0.2184
17109,0.23114,-0.03248,-0.2184
17130,0.23114,-0.03248,-0.2184
17130,0.23114,-0.03248,-0.2184
17151,0.26208,0.08876,-0.3458
17152,0.26208,0.08876,-0.3458
17173,0.26208,0.08876,-0.3458
17194,0.26208,0.08876,-0.3458
17194,0.26208,0.08876,-0.3458
17216,0.26208,0.08876,-0.3458
17216,0.26208,0.08876,-0.3458
17237,0.26208,0.08876,-0.3458
17237,0.26208,0.08876,-0.3458
17258,0.32942,0.21084,-0.35994002
17258,0.32942,0.21084,-0.35994002
17280,0.32942,0.21084,-0.35994002
17280,0.32942,0.21084,-0.35994002
17301,0.32942,0.21084,-0.35994002
17322,0.39032,0.35182002,-0.29708
17322,0.39032,0.35182002,-0.29708
17344,0.39032,0.35182002,-0.29708
17344,0.39032,0.35182002,-0.29708
17365,0.39032,0.35182002,-0.29708
17365,0.39032,0.35182002,-0.29708
17386,0.40586,0.48720002,-0.1442
17386,0.40586,0.48720002,-0.1442
17408,0.40586,0.48720002,-0.1442
17408,0.40586,0.48720002,-0.1442
17429,0.40586,0.48720002,-0.1442
17450,0.38696,0.51632,-0.03472
17450,0.38696,0.51632,-0.03472
17471,0.38696,0.51632,-0.03472
17472,0.38696,0.51632,-0.03472
17493,0.36022002,0.52430004,0.01288
17493,0.36022002,0.52430004,0.01288
17514,0.36022002,0.52430004,0.01288
17514,0.36022002,0.52430004,0.01288
17535,0.36022002,0.52430004,0.01288
17536,0.36022002,0.52430004,0.01288
17557,0.29372,0.51786,0.11676
17578,0.29372,0.51786,0.11676
17578,0.29372,0.51786,0.11676
17600,0.27636,0.50036,0.14042
17600,0.27636,0.50036,0.14042
17621,0.27636,0.50036,0.14042
17621,0.27636,0.50036,0.14042
17642,0.2849,0.39200002,0.20034
17643,0.2849,0.39200002,0.20034
17664,0.2849,0.39200002,0.20034
17664,0.2849,0.39200002,0.20034
17685,0.28308,0.33138,0.21056001
17706,0.28308,0.33138,0.21056001
17706,0.28308,0.33138,0.21056001
17728,0.28308,0.33138,0.21056001
17728,0.28308,0.33138,0.21056001
17749,0.28308,0.33138,0.21056001
17749,0.28308,0.33138,0.21056001
17770,0.17500001,0.18774,0.23562
17770,0.17500001,0.18774,0.23562
17791,0.17500001,0.18774,0.23562
17792,0.17500001,0.18774,0.23562
17813,0.106960006,0.16184,0.23310001
17834,0.106960006,0.16184,0.23310001
17834,0.106960006,0.16184,0.23310001
17855,0.106960006,0.16184,0.23310001
17856,0.106960006,0.16184,0.23310001
17877,0.00728,0.16548,0.20930001
17877,0.00728,0.16548,0.20930001
17898,-0.01498,0.15526001,0.18564
17898,-0.01498,0.15526001,0.18564
17919,-0.01498,0.15526001,0.18564
17920,-0.01498,0.15526001,0.18564
17941,-0.02534,0.13622001,0.17612
17941,-0.02534,0.13622001,0.17612
17962,-0.02534,0.13622001,0.17612
17984,-0.01344,0.1022,0.16716
17984,-0.01344,0.1022,0.16716
18005,0.02324,0.045220003,0.13202
18005,0.02324,0.045220003,0.13202
18026,0.02324,0.045220003,0.13202
18026,0.02324,0.045220003,0.13202
18048,0.02324,0.045220003,0.13202
18048,0.02324,0.045220003,0.13202
18069,0.07378,-0.01694,0.08134
18069,0.07378,-0.01694,0.08134
18090,0.07378,-0.01694,0.08134
18112,0.07378,-0.01694,0.08134
18112,0.07378,-0.01694,0.08134
18133,0.10724001,-0.056980003,0.01834
18133,0.10724001,-0.056980003,0.01834
18154,0.10724001,-0.056980003,0.01834
18154,0.10724001,-0.056980003,0.01834
18176,0.10724001,-0.056980003,0.01834
18176,0.10724001,-0.056980003,0.01834
18197,0.10724001,-0.056980003,0.01834
18197,0.10724001,-0.056980003,0.01834
18218,0.10724001,-0.056980003,0.01834
18240,0.2114,-0.0553,-0.19236
18240,0.2114,-0.0553,-0.19236
18261,0.2114,-0.0553,-0.19236
18261,0.2114,-0.0553,-0.19236
18283,0.2121,-0.04676,-0.21784
18283,0.2121,-0.04676,-0.21784
18304,0.2205,-0.022540001,-0.26502
18304,0.2205,-0.022540001,-0.26502
18325,0.2205,-0.022540001,-0.26502
18325,0.2205,-0.022540001,-0.26502
18346,0.2205,-0.022540001,-0.26502
18368,0.17122,-0.082600005,-0.078820005
18368,0.17122,-0.082600005,-0.078820005
18389,0.17122,-0.082600005,-0.078820005
18389,0.17122,-0.082600005,-0.078820005
18410,0.13006,-0.073640004,-0.049280003
18410,0.13006,-0.073640004,-0.049280003
18432,0.13006,-0.073640004,-0.049280003
18432,0.13006,-0.073640004,-0.049280003
18453,0.13006,-0.073640004,-0.049280003
18453,0.13006,-0.073640004,-0.049280003
18474,0.13006,-0.073640004,-0.049280003
18496,0.11298,-0.06174,-0.02912
18496,0.11298,-0.06174,-0.02912
18517,0.09786,-0.045640003,0.02156
18517,0.09786,-0.045640003,0.02156
18538,0.06524,-0.02338,0.061180003
18538,0.06524,-0.02338,0.061180003
18560,0.06524,-0.02338,0.061180003
18560,0.06524,-0.02338,0.061180003
18581,0.02716,-0.00406,0.05782
18581,0.02716,-0.00406,0.05782
18602,-0.020720001,0.0147,0.045780003
18623,-0.020720001,0.0147,0.045780003
18624,-0.020720001,0.0147,0.045780003
18645,-0.0546,0.033460002,0.016800001
18645,-0.0546,0.033460002,0.016800001
18666,-0.0546,0.033460002,0.016800001
18666,-0.0546,0.033460002,0.016800001
18688,-0.0546,0.033460002,0.016800001
18688,-0.0546,0.033460002,0.016800001
18709,-0.0546,0.033460002,0.016800001
18709,-0.0546,0.033460002,0.016800001
18730,-0.0546,0.033460002,0.016800001
18752,-0.0546,0.033460002,0.016800001
18752,-0.0546,0.033460002,0.016800001
18773,-0.0546,0.033460002,0.016800001
18773,-0.0546,0.033460002,0.016800001
18794,-0.0546,0.033460002,0.016800001
18794,-0.0546,0.033460002,0.016800001
18816,-0.0546,0.033460002,0.016800001
18816,-0.0546,0.033460002,0.016800001
18837,-0.0546,0.033460002,0.016800001
18837,-0.0546,0.033460002,0.016800001
18858,-0.0546,0.033460002,0.016800001
18858,-0.0546,0.033460002,0.016800001
18880,-0.0546,0.033460002,0.016800001
18901,-0.0546,0.033460002,0.016800001
18901,-0.0546,0.033460002,0.016800001
18922,-0.0546,0.033460002,0.016800001
18922,-0.0546,0.033460002,0.016800001
18944,-0.0546,0.033460002,0.016800001
18944,-0.0546,0.033460002,0.016800001
18965,-0.0546,0.033460002,0.016800001
18965,-0.0546,0.033460002,0.016800001
18986,0.21966,-0.05936,-0.13048
18986,0.21966,-0.05936,-0.13048
19008,0.21966,-0.05936,-0.13048
19029,0.31374002,-0.022540001,-0.13566001
19029,0.31374002,-0.022540001,-0.13566001
19050,0.31374002,-0.022540001,-0.13566001
19050,0.31374002,-0.022540001,-0.13566001
19072,0.31374002,-0.022540001,-0.13566001
19072,0.31374002,-0.022540001,-0.13566001
19093,0.42266002,0.12502,-0.20552
19093,0.42266002,0.12502,-0.20552
19114,0.42266002,0.12502,-0.20552
19115,0.42266002,0.12502,-0.20552
19135,0.43190002,0.19558,-0.23422001
19157,0.43190002,0.19558,-0.23422001
19157,0.43190002,0.19558,-0.23422001
19178,0.42994002,0.25592,-0.2513
19178,0.42994002,0.25592,-0.2513
19199,0.43092,0.30842,-0.24892001
19200,0.43092,0.30842,-0.24892001
19221,0.43092,0.30842,-0.24892001
19221,0.43092,0.30842,-0.24892001
19242,0.42378002,0.38304,-0.2317
19242,0.42378002,0.38304,-0.2317
19264,0.42378002,0.38304,-0.2317
19285,0.40432,0.44884002,-0.20216
19285,0.40432,0.44884002,-0.20216
19306,0.36596,0.53074,-0.15806
19306,0.36596,0.53074,-0.15806
19328,0.36596,0.53074,-0.15806
19328,0.36596,0.53074,-0.15806
19349,0.36596,0.53074,-0.15806
19349,0.36596,0.53074,-0.15806
19370,0.36596,0.53074,-0.15806
19370,0.36596,0.53074,-0.15806
19392,0.36596,0.53074,-0.15806
19413,0.36596,0.53074,-0.15806
19413,0.36596,0.53074,-0.15806
19434,0.36596,0.53074,-0.15806
19434,0.36596,0.53074,-0.15806
19455,0.23380001,0.60522,0.0252
19456,0.23380001,0.60522,0.0252
19477,0.23380001,0.60522,0.0252
19477,0.23380001,0.60522,0.0252
19498,0.19922,0.58996004,0.07308
19498,0.19922,0.58996004,0.07308
19520,0.19922,0.58996004,0.07308
19541,0.16632001,0.55832,0.12376
19541,0.16632001,0.55832,0.12376
19562,0.14574,0.51240003,0.18382001
19562,0.14574,0.51240003,0.18382001
19583,0.14574,0.51240003,0.18382001
19584,0.14574,0.51240003,0.18382001
19605,0.108780004,0.46718,0.20804
19605,0.108780004,0.46718,0.20804
19626,0.108780004,0.46718,0.20804
19626,0.108780004,0.46718,0.20804
19648,0.108780004,0.46718,0.20804
19648,0.108780004,0.46718,0.20804
19669,0.108780004,0.46718,0.20804
19690,0.108780004,0.46718,0.20804
19690,0.108780004,0.46718,0.20804
19712,0.108780004,0.46718,0.20804
19712,0.108780004,0.46718,0.20804
19733,0.07294,0.36596,0.24472001
19733,0.07294,0.36596,0.24472001
19754,0.07294,0.36596,0.24472001
19754,0.07294,0.36596,0.24472001
19776,0.05096,0.33446002,0.25004
19776,0.05096,0.33446002,0.25004
19797,0.05096,0.33446002,0.25004
19818,0.05096,0.33446002,0.25004
19818,0.05096,0.33446002,0.25004
19840,0.05096,0.33446002,0.25004
19840,0.05096,0.33446002,0.25004
19861,-0.0329,0.27202,0.21476
19861,-0.0329,0.27202,0.21476
19882,-0.0329,0.27202,0.21476
19882,-0.0329,0.27202,0.21476
19903,-0.0329,0.27202,0.21476
19904,-0.0329,0.27202,0.21476
19925,-0.0329,0.27202,0.21476
19946,-0.0329,0.27202,0.21476
19946,-0.0329,0.27202,0.21476
19967,-0.0329,0.27202,0.21476
19967,-0.0329,0.27202,0.21476
19989,0.03458,0.16198,0.22722
19989,0.03458,0.16198,0.22722
20010,0.0518,0.124460004,0.21672
20011,0.0518,0.124460004,0.21672
20032,0.0518,0.124460004,0.21672
20032,0.0518,0.124460004,0.21672
20053,0.06916,0.06384,0.18074
20074,0.06916,0.06384,0.18074
20074,0.06916,0.06384,0.18074
20096,0.06916,0.06384,0.18074
20096,0.06916,0.06384,0.18074
20117,0.09212,-0.03584,0.06594
20117,0.09212,-0.03584,0.06594
20138,0.1155,-0.070140004,-0.01834
20138,0.1155,-0.070140004,-0.01834
20160,0.1155,-0.070140004,-0.01834
20160,0.1155,-0.070140004,-0.01834
20181,0.15064001,-0.079100005,-0.12320001
20202,0.1645,-0.06776,-0.16968
20202,0.1645,-0.06776,-0.16968
20224,0.1645,-0.06776,-0.16968
20224,0.1645,-0.06776,-0.16968
20245,0.1967,-0.05152,-0.20524001
20245,0.1967,-0.05152,-0.20524001
20266,0.1967,-0.05152,-0.20524001
20266,0.1967,-0.05152,-0.20524001
20288,0.23422001,-0.024640001,-0.24654001
20288,0.23422001,-0.024640001,-0.24654001
20309,0.23422001,-0.024640001,-0.24654001
20330,0.25564,0.01694,-0.28868002
20330,0.25564,0.01694,-0.28868002
20352,0.25564,0.01694,-0.28868002
20352,0.25564,0.01694,-0.28868002
20373,0.25564,0.01694,-0.28868002
20373,0.25564,0.01694,-0.28868002
20394,0.25564,0.01694,-0.28868002
20394,0.25564,0.01694,-0.28868002
20416,0.25564,0.01694,-0.28868002
20416,0.25564,0.01694,-0.28868002
20437,0.25564,0.01694,-0.28868002
20458,0.25564,0.01694,-0.28868002
20458,0.25564,0.01694,-0.28868002
20480,0.25564,0.01694,-0.28868002
20480,0.25564,0.01694,-0.28868002
20501,0.25564,0.01694,-0.28868002
20501,0.25564,0.01694,-0.28868002
20522,0.25564,0.01694,-0.28868002
20522,0.25564,0.01694,-0.28868002
20544,0.44716,0.39508,-0.14882
20544,0.44716,0.39508,-0.14882
20565,0.44716,0.39508,-0.14882
20565,0.44716,0.39508,-0.14882
20586,0.44716,0.39508,-0.14882
20608,0.44716,0.39508,-0.14882
20608,0.44716,0.39508,-0.14882
20629,0.4088,0.47250003,-0.03934
20629,0.4088,0.47250003,-0.03934
20650,0.4088,0.47250003,-0.03934
20650,0.4088,0.47250003,-0.03934
20672,0.40292,0.47558,-0.00854
20672,0.40292,0.47558,-0.00854
20693,0.40292,0.47558,-0.00854
20693,0.40292,0.47558,-0.00854
20715,0.40292,0.47558,-0.00854
20736,0.40292,0.47558,-0.00854
20736,0.40292,0.47558,-0.00854
20757,0.40292,0.47558,-0.00854
20757,0.40292,0.47558,-0.00854
20778,0.29428002,0.45220003,0.18116
20778,0.29428002,0.45220003,0.18116
20800,0.29428002,0.45220003,0.18116
20800,0.29428002,0.45220003,0.18116
20821,0.25676,0.43666002,0.19866
20821,0.25676,0.43666002,0.19866
20842,0.25676,0.43666002,0.19866
20864,0.12348,0.3745,0.25242
20864,0.12348,0.3745,0.25242
20885,0.12348,0.3745,0.25242
20885,0.12348,0.3745,0.25242
20906,0.07434,0.35336,0.26474002
20906,0.07434,0.35336,0.26474002
20928,0.07434,0.35336,0.26474002
20928,0.07434,0.35336,0.26474002
20949,0.037380002,0.33236,0.25312
20949,0.037380002,0.33236,0.25312
20970,0.018900001,0.30996,0.24304001
20992,0.018900001,0.30996,0.24304001
20992,0.018900001,0.30996,0.24304001
21013,0.018900001,0.30996,0.24304001
21013,0.018900001,0.30996,0.24304001
21034,-0.01554,0.27902,0.2352
21034,-0.01554,0.27902,0.2352
21056,-0.01554,0.27902,0.2352
21056,-0.01554,0.27902,0.2352
21077,-0.03612,0.25592,0.22652
21077,-0.03612,0.25592,0.22652
21098,-0.02562,0.26012,0.22582
21120,-0.02562,0.26012,0.22582
21120,-0.02562,0.26012,0.22582
21141,0.03528,0.30058,0.25424
21141,0.03528,0.30058,0.25424
21162,0.03528,0.30058,0.25424
21162,0.03528,0.30058,0.25424
21184,0.03528,0.30058,0.25424
21184,0.03528,0.30058,0.25424
21205,0.03528,0.30058,0.25424
21205,0.03528,0.30058,0.25424
21226,0.03528,0.30058,0.25424
21248,0.39116,0.40138,0.099120006
21248,0.39116,0.40138,0.099120006
21269,0.39116,0.40138,0.099120006
21269,0.39116,0.40138,0.099120006
21290,0.39116,0.40138,0.099120006
21290,0.39116,0.40138,0.099120006
21312,0.39116,0.40138,0.099120006
21312,0.39116,0.40138,0.099120006
21333,0.39116,0.40138,0.099120006
21333,0.39116,0.40138,0.099120006
21354,0.41258,0.46942002,-0.15470001
21354,0.41258,0.46942002,-0.15470001
21376,0.41258,0.46942002,-0.15470001
21397,0.40572003,0.46284002,-0.1764
21397,0.40572003,0.46284002,-0.1764
21418,0.42434,0.43414,-0.17906001
21418,0.42434,0.43414,-0.17906001
21440,0.42434,0.43414,-0.17906001
21440,0.42434,0.43414,-0.17906001
21461,0.42434,0.43414,-0.17906001
21461,0.42434,0.43414,-0.17906001
21482,0.46536002,0.38682002,-0.03794
21482,0.46536002,0.38682002,-0.03794
21504,0.40362,0.32312,0.15162
21525,0.40362,0.32312,0.15162
21525,0.40362,0.32312,0.15162
21546,0.28280002,0.27538002,0.2394
21546,0.28280002,0.27538002,0.2394
21567,0.17738001,0.2534,0.26096
21568,0.17738001,0.2534,0.26096
21589,0.17738001,0.2534,0.26096
21589,0.17738001,0.2534,0.26096
21610,0.109900005,0.24514,0.26152
21610,0.109900005,0.24514,0.26152
21632,0.05866,0.24304001,0.25046
21653,0.05866,0.24304001,0.25046
21653,0.05866,0.24304001,0.25046
21675,0.05866,0.24304001,0.25046
21675,0.05866,0.24304001,0.25046
21696,0.05866,0.24304001,0.25046
21696,0.05866,0.24304001,0.25046
21717,0.05866,0.24304001,0.25046
21717,0.05866,0.24304001,0.25046
21738,0.01302,0.24738,0.2422
21738,0.01302,0.24738,0.2422
21760,0.01302,0.24738,0.2422
21781,0.01302,0.24738,0.2422
21781,0.01302,0.24738,0.2422
21802,0.04984,0.22792001,0.24276
21803,0.04984,0.22792001,0.24276
21824,0.04984,0.22792001,0.24276
21824,0.04984,0.22792001,0.24276
21845,0.08624,0.20342,0.24276
21845,0.08624,0.20342,0.24276
21866,0.08624,0.20342,0.24276
21866,0.08624,0.20342,0.24276
21888,0.13384001,0.16282001,0.23576
21909,0.12586,0.14322,0.22596
21909,0.12586,0.14322,0.22596
21930,0.12586,0.14322,0.22596
21930,0.12586,0.14322,0.22596
21952,0.10766,0.106680006,0.20888
21952,0.10766,0.106680006,0.20888
21973,0.12194,0.063140005,0.18172
21973,0.12194,0.063140005,0.18172
21994,0.12194,0.063140005,0.18172
21994,0.12194,0.063140005,0.18172
22016,0.13678001,0.03542,0.15358001
22037,0.13678001,0.03542,0.15358001
22037,0.13678001,0.03542,0.15358001
22058,0.13062,-0.00266,0.118300006
22059,0.13062,-0.00266,0.118300006
22080,0.13062,-0.00266,0.118300006
22080,0.13062,-0.00266,0.118300006
22101,0.10066,-0.020720001,0.08904
22101,0.10066,-0.020720001,0.08904
22122,0.10066,-0.020720001,0.08904
22122,0.10066,-0.020720001,0.08904
22144,0.066080004,-0.016800001,0.075320005
22165,0.066080004,-0.016800001,0.075320005
22165,0.066080004,-0.016800001,0.075320005
22186,0.07322,-0.04284,0.030520001
22186,0.07322,-0.04284,0.030520001
22208,0.08218,-0.06426,-0.04256
22208,0.08218,-0.06426,-0.04256
22229,0.09226,-0.066640005,-0.06734
22229,0.09226,-0.066640005,-0.06734
22250,0.09226,-0.066640005,-0.06734
22250,0.09226,-0.066640005,-0.06734
22272,0.09632,-0.07168,-0.08652
22272,0.09632,-0.07168,-0.08652
22293,0.09632,-0.07168,-0.08652
22314,0.08778,-0.07336,-0.08708
22314,0.08778,-0.07336,-0.08708
22336,0.08778,-0.07336,-0.08708
22336,0.08778,-0.07336,-0.08708
22357,0.08778,-0.07336,-0.08708
22357,0.08778,-0.07336,-0.08708
22378,0.086940005,-0.07462,-0.09408
22378,0.086940005,-0.07462,-0.09408
22400,0.0973,-0.0714,-0.120120004
22400,0.0973,-0.0714,-0.120120004
22421,0.0882,-0.06958,-0.15666
22442,0.08946,-0.06916,-0.16996
22442,0.08946,-0.06916,-0.16996
22464,0.08946,-0.06916,-0.16996
22464,0.08946,-0.06916,-0.16996
22485,0.113400005,-0.049140003,-0.2254
22485,0.113400005,-0.049140003,-0.2254
22506,0.113400005,-0.049140003,-0.2254
22507,0.113400005,-0.049140003,-0.2254
22528,0.1708,-0.00238,-0.29848
22528,0.1708,-0.00238,-0.29848
22549,0.1708,-0.00238,-0.29848
22570,0.24542001,0.10486,-0.36484
22570,0.24542001,0.10486,-0.36484
22592,0.3017,0.21266,-0.37352002
22592,0.3017,0.21266,-0.37352002
22613,0.3017,0.21266,-0.37352002
22613,0.3017,0.21266,-0.37352002
22634,0.33068,0.28042,-0.35686
22634,0.33068,0.28042,-0.35686
22656,0.34566,0.28042,-0.35686
22656,0.34566,0.3136,-0.35070002
22677,0.34566,0.3136,-0.35070002
22698,0.32746002,0.37772,-0.35532
22698,0.32746002,0.37772,-0.35532
22720,0.27832,0.42196003,-0.37268
22720,0.27832,0.42196003,-0.37268
22741,0.27832,0.42196003,-0.37268
22741,0.27832,0.42196003,-0.37268
22762,0.27832,0.42196003,-0.37268
22762,0.27832,0.42196003,-0.37268
22784,0.25494,0.46312,-0.37212002
22784,0.25494,0.46312,-0.37212002
22805,0.25494,0.46312,-0.37212002
22826,0.2422,0.51576,-0.33516002
22827,0.2422,0.51576,-0.33516002
22848,0.21826,0.5628,-0.30310002
22848,0.21826,0.5628,-0.30310002
22869,0.21826,0.5628,-0.30310002
22869,0.21826,0.5628,-0.30310002
22890,0.19922,0.58002,-0.28868002
22890,0.19922,0.58002,-0.28868002
22912,0.18802,0.59948003,-0.24864
22912,0.18802,0.59948003,-0.24864
22933,0.18802,0.59948003,-0.24864
22954,0.18802,0.59948003,-0.24864
22954,0.18802,0.59948003,-0.24864
22976,0.18802,0.59948003,-0.24864
22976,0.18802,0.59948003,-0.24864
22997,0.16044,0.64246,-0.112
22997,0.16044,0.64246,-0.112
23018,0.16044,0.64246,-0.112
23018,0.16044,0.64246,-0.112
23040,0.15442,0.63546,-0.03276
23040,0.15442,0.63546,-0.03276
23061,0.1435,0.6139,0.03486
23061,0.1435,0.6139,0.03486
23082,0.1435,0.6139,0.03486
23104,0.1526,0.58506,0.09352
23104,0.1526,0.58506,0.09352
23125,0.1526,0.58506,0.09352
23125,0.1526,0.58506,0.09352
23147,0.14728001,0.54936004,0.1491
23147,0.14728001,0.54936004,0.1491
23168,0.14728001,0.54936004,0.1491
23168,0.14728001,0.54936004,0.1491
23189,0.13804,0.49742,0.19194001
23189,0.13804,0.49742,0.19194001
23210,0.10654,0.4515,0.22176
23232,0.10654,0.4515,0.22176
23232,0.10654,0.4515,0.22176
23253,0.08456,0.40852,0.23884001
23253,0.08456,0.40852,0.23884001
23274,0.07994,0.39284,0.24458
23274,0.07994,0.39284,0.24458
23296,0.07994,0.39284,0.24458
23296,0.07994,0.39284,0.24458
23317,0.06356,0.36316,0.25522
23317,0.06356,0.36316,0.25522
23338,0.06356,0.36316,0.25522
23360,0.0364,0.34034002,0.24682
23360,0.0364,0.34034002,0.24682
23381,-0.00672,0.31458002,0.24066001
23381,-0.00672,0.31458002,0.24066001
23402,-0.00672,0.31458002,0.24066001
23402,-0.00672,0.31458002,0.24066001
23424,-0.04788,0.28476,0.21546
23424,-0.04788,0.28476,0.21546
23445,-0.04788,0.28476,0.21546
23445,-0.04788,0.28476,0.21546
23466,-0.07672,0.25382,0.19572
23488,-0.07672,0.25382,0.19572
23488,-0.07672,0.25382,0.19572
23509,-0.07672,0.25382,0.19572
23509,-0.07672,0.25382,0.19572
23530,-0.0917,0.16982001,0.16394
23530,-0.0917,0.16982001,0.16394
23552,-0.0917,0.16982001,0.16394
23552,-0.0917,0.16982001,0.16394
23573,-0.07672,0.1358,0.15596001
23573,-0.07672,0.1358,0.15596001
23594,-0.07672,0.1358,0.15596001
23616,-0.06244,0.0938,0.12726
23616,-0.06244,0.0938,0.12726
23637,-0.037100002,0.048860002,0.098280005
23637,-0.037100002,0.048860002,0.098280005
23658,-0.037100002,0.048860002,0.098280005
23658,-0.037100002,0.048860002,0.098280005
23680,-0.0217,0.00644,0.05404
23680,-0.0217,0.00644,0.05404
23701,-0.0217,0.00644,0.05404
23701,-0.0217,0.00644,0.05404
23722,-0.026320001,-0.024360001,-0.00504
23744,-0.0238,-0.03178,-0.052780002
23744,-0.0238,-0.03178,-0.052780002
23765,-0.0238,-0.03178,-0.052780002
23765,-0.0238,-0.03178,-0.052780002
23786,-0.0175,-0.03906,-0.122640006
23786,-0.0175,-0.03906,-0.122640006
23808,0.0161,-0.040740002,-0.18900001
23808,0.0161,-0.040740002,-0.18900001
23829,0.0161,-0.040740002,-0.18900001
23829,0.0161,-0.040740002,-0.18900001
23850,0.074200004,-0.01708,-0.25704
23872,0.074200004,-0.01708,-0.25704
23872,0.074200004,-0.01708,-0.25704
23893,0.17374,0.00364,-0.2912
23893,0.17374,0.00364,-0.2912
23914,0.17374,0.00364,-0.2912
23914,0.17374,0.00364,-0.2912
23936,0.25634,0.045780003,-0.30128002
23936,0.25634,0.045780003,-0.30128002
23957,0.36722,0.14154,-0.28574002
23957,0.36722,0.14154,-0.28574002
23979,0.36722,0.14154,-0.28574002
23979,0.36722,0.14154,-0.28574002
24000,0.39998,0.22260001,-0.28252
24021,0.39592,0.27496,-0.2933
24021,0.39592,0.27496,-0.2933
24042,0.39592,0.27496,-0.2933
24042,0.39592,0.27496,-0.2933
24064,0.39592,0.27496,-0.2933
24064,0.39592,0.27496,-0.2933
24085,0.39732,0.33054,-0.2793
24085,0.39732,0.33054,-0.2793
24106,0.39732,0.33054,-0.2793
24106,0.39732,0.33054,-0.2793
24128,0.40054002,0.36834002,-0.26768002
24149,0.36470002,0.39144,-0.29232
24149,0.36470002,0.39144,-0.29232
24171,0.33614,0.41356,-0.315
24171,0.33614,0.41356,-0.315
24192,0.33614,0.41356,-0.315
24192,0.33614,0.41356,-0.315
24213,0.28476,0.46060002,-0.32662
24213,0.28476,0.46060002,-0.32662
24234,0.28476,0.46060002,-0.32662
24234,0.28476,0.46060002,-0.32662
24256,0.28476,0.46060002,-0.32662
24277,0.28476,0.46060002,-0.32662
24277,0.28476,0.46060002,-0.32662
24298,0.28476,0.46060002,-0.32662
24298,0.28476,0.46060002,-0.32662
24320,0.15974,0.5579,-0.30394
24320,0.15974,0.5579,-0.30394
24341,0.15974,0.5579,-0.30394
24341,0.15974,0.5579,-0.30394
24362,0.17262,0.61404,-0.18998
24362,0.17262,0.61404,-0.18998
24384,0.17262,0.61404,-0.18998
24405,0.18718,0.62664,-0.116620004
24405,0.18718,0.62664,-0.116620004
24426,0.18718,0.62664,-0.116620004
24426,0.18718,0.62664,-0.116620004
24448,0.20300001,0.62552,-0.02996
24448,0.20300001,0.62552,-0.02996
24469,0.20804,0.60494,0.04004
24469,0.20804,0.60494,0.04004
24490,0.20804,0.60494,0.04004
24491,0.20804,0.60494,0.04004
24512,0.19222,0.56896,0.112560004
24533,0.18074,0.54348004,0.15232
24533,0.18074,0.54348004,0.15232
24554,0.18074,0.54348004,0.15232
24554,0.18074,0.54348004,0.15232
24576,0.1491,0.50386,0.18900001
24576,0.1491,0.50386,0.18900001
24597,0.1491,0.50386,0.18900001
24597,0.1491,0.50386,0.18900001
24618,0.13566001,0.46298,0.21994
24618,0.13566001,0.46298,0.21994
24640,0.13566001,0.46298,0.21994
24661,0.13216001,0.41160002,0.24234001
24661,0.13216001,0.41160002,0.24234001
24682,0.106400006,0.33516002,0.26222
24683,0.106400006,0.33516002,0.26222
24704,0.106400006,0.33516002,0.26222
24704,0.106400006,0.33516002,0.26222
24725,0.106400006,0.33516002,0.26222
24725,0.106400006,0.33516002,0.26222
24746,0.106400006,0.33516002,0.26222
24746,0.106400006,0.33516002,0.26222
24768,0.106400006,0.33516002,0.26222
24768,0.106400006,0.33516002,0.26222
24789,0.106400006,0.33516002,0.26222
24810,0.106400006,0.33516002,0.26222
24810,0.106400006,0.33516002,0.26222
24832,0.106400006,0.33516002,0.26222
24832,0.106400006,0.33516002,0.26222
24853,0.106400006,0.33516002,0.26222
24853,0.106400006,0.33516002,0.26222
24874,0.106400006,0.33516002,0.26222
24874,0.106400006,0.33516002,0.26222
24896,0.098840006,0.25914,0.26096
24896,0.098840006,0.25914,0.26096
24917,-0.053480003,0.18564,0.20356001
24938,-0.053480003,0.18564,0.20356001
24938,-0.053480003,0.18564,0.20356001
24960,-0.01274,0.19124,0.23282
24960,-0.01274,0.19124,0.23282
24981,-0.01274,0.19124,0.23282
24981,-0.01274,0.19124,0.23282
25002,-0.01274,0.19124,0.23282
25003,-0.01274,0.19124,0.23282
25024,-0.01274,0.19124,0.23282
25024,-0.01274,0.19124,0.23282
25045,0.079100005,0.23856,0.26922
25066,0.079100005,0.23856,0.26922
25066,0.079100005,0.23856,0.26922
25088,0.07546,0.26782,0.26978
25088,0.07546,0.26782,0.26978
25109,0.0693,0.301,0.26754
25109,0.0693,0.301,0.26754
25130,0.0693,0.301,0.26754
25130,0.0693,0.301,0.26754
25152,0.071540006,0.32746002,0.26348
25152,0.071540006,0.32746002,0.26348
25173,0.071540006,0.32746002,0.26348
25194,0.10682,0.35840002,0.2639
25194,0.10682,0.35840002,0.2639
25216,0.10682,0.35840002,0.2639
25216,0.10682,0.35840002,0.2639
25237,0.10682,0.35840002,0.2639
25237,0.10682,0.35840002,0.2639
25258,0.18032001,0.41076002,0.23926
25258,0.18032001,0.41076002,0.23926
25280,0.18032001,0.41076002,0.23926
25280,0.18032001,0.41076002,0.23926
25301,0.29554,0.48874003,0.14196001
25322,0.29554,0.48874003,0.14196001
25322,0.29554,0.48874003,0.14196001
25344,0.32928002,0.4921,0.09996
25344,0.32928002,0.4921,0.09996
25365,0.36316,0.49742,0.04032
25365,0.36316,0.49742,0.04032
25386,0.36316,0.49742,0.04032
25387,0.36316,0.49742,0.04032
25408,0.36316,0.49742,0.04032
25408,0.36316,0.49742,0.04032
25429,0.36316,0.49742,0.04032
25450,0.36316,0.49742,0.04032
25450,0.36316,0.49742,0.04032
25472,0.33894,0.53424,-0.20104
25472,0.33894,0.53424,-0.20104
25493,0.33894,0.53424,-0.20104
25493,0.33894,0.53424,-0.20104
25514,0.33894,0.53424,-0.20104
25514,0.33894,0.53424,-0.20104
25536,0.19586,0.54894,-0.31164
25536,0.19586,0.54894,-0.31164
25557,0.19586,0.54894,-0.31164
25578,0.1477,0.55006003,-0.33236
25578,0.1477,0.55006003,-0.33236
25600,0.1477,0.55006003,-0.33236
25600,0.1477,0.55006003,-0.33236
25621,0.10486,0.5341,-0.34762
25621,0.10486,0.5341,-0.34762
25642,0.0749,0.5061,-0.37226
25642,0.0749,0.5061,-0.37226
25664,0.0749,0.5061,-0.37226
25664,0.0749,0.5061,-0.37226
25685,0.0749,0.5061,-0.37226
25685,0.0749,0.5061,-0.37226
25706,0.0749,0.5061,-0.37226
25728,0.0749,0.5061,-0.37226
25728,0.0749,0.5061,-0.37226
25749,0.0749,0.5061,-0.37226
25749,0.0749,0.5061,-0.37226
25770,0.0749,0.5061,-0.37226
25771,0.0749,0.5061,-0.37226
25792,0.0749,0.5061,-0.37226
25792,0.0749,0.5061,-0.37226
25813,0.0749,0.5061,-0.37226
25813,0.0749,0.5061,-0.37226
25834,0.0749,0.5061,-0.37226
25856,0.0749,0.5061,-0.37226
25856,0.0749,0.5061,-0.37226
25877,0.0749,0.5061,-0.37226
25877,0.0749,0.5061,-0.37226
25898,0.0749,0.5061,-0.37226
25898,0.0749,0.5061,-0.37226
25920,0.0749,0.5061,-0.37226
25920,0.0749,0.5061,-0.37226
25941,0.0749,0.5061,-0.37226
25941,0.0749,0.5061,-0.37226
25962,0.0749,0.5061,-0.37226
25984,0.0749,0.5061,-0.37226
25984,0.0749,0.5061,-0.37226
26005,0.0749,0.5061,-0.37226
26005,0.0749,0.5061,-0.37226
26026,0.0749,0.5061,-0.37226
26026,0.0749,0.5061,-0.37226
26048,0.0749,0.5061,-0.37226
26048,0.0749,0.5061,-0.37226
26069,0.0749,0.5061,-0.37226
26069,0.0749,0.5061,-0.37226
26090,0.0749,0.5061,-0.37226
26112,0.0749,0.5061,-0.37226
26112,0.0749,0.5061,-0.37226
26133,0.06426,0.48146,-0.38094002
26133,0.06426,0.48146,-0.38094002
26154,0.06426,0.48146,-0.38094002
26155,0.06426,0.48146,-0.38094002
26176,0.06426,0.48146,-0.38094002
26176,0.06426,0.48146,-0.38094002
26197,0.06426,0.48146,-0.38094002
26197,0.06426,0.48146,-0.38094002
26219,0.06426,0.48146,-0.38094002
26240,0.06426,0.48146,-0.38094002
26240,0.06426,0.48146,-0.38094002
26261,0.06426,0.48146,-0.38094002
26261,0.06426,0.48146,-0.38094002
26282,0.06426,0.48146,-0.38094002
26282,0.06426,0.48146,-0.38094002
26304,0.06426,0.48146,-0.38094002
26304,0.06426,0.48146,-0.38094002
26325,0.06426,0.48146,-0.38094002
26325,0.06426,0.48146,-0.38094002
26346,0.1351,-0.04018,0.057680003
26368,0.1351,-0.04018,0.057680003
26368,0.1351,-0.04018,0.057680003
26389,0.1351,-0.04018,0.057680003
26389,0.1351,-0.04018,0.057680003
26410,0.1351,-0.04018,0.057680003
26410,0.1351,-0.04018,0.057680003
26432,0.1351,-0.04018,0.057680003
26432,0.1351,-0.04018,0.057680003
26453,0.1351,-0.04018,0.057680003
26453,0.1351,-0.04018,0.057680003
26474,0.14616,0.28350002,0.25942
26474,0.14616,0.28350002,0.25942
26496,0.15442,0.33474,0.25844002
26517,0.15442,0.33474,0.25844002
26517,0.15442,0.33474,0.25844002
26538,0.15442,0.33474,0.25844002
26538,0.15442,0.33474,0.25844002
26560,0.15442,0.33474,0.25844002
26560,0.15442,0.33474,0.25844002
26581,0.17724,0.4214,0.22806
26581,0.17724,0.4214,0.22806
26603,0.18984,0.4494,0.21784
26603,0.18984,0.4494,0.21784
26624,0.18984,0.4494,0.21784
26645,0.18984,0.4494,0.21784
26645,0.18984,0.4494,0.21784
26666,0.18984,0.4494,0.21784
26666,0.18984,0.4494,0.21784
26688,0.2177,0.52766,0.13972001
26688,0.2177,0.52766,0.13972001
26709,0.23842001,0.55888003,0.086380005
26709,0.23842001,0.55888003,0.086380005
26730,0.23842001,0.55888003,0.086380005
26730,0.23842001,0.55888003,0.086380005
26752,0.23842001,0.55888003,0.086380005
26773,0.23842001,0.55888003,0.086380005
26773,0.23842001,0.55888003,0.086380005
26794,0.27468002,0.57988,-0.16268
26794,0.27468002,0.57988,-0.16268
26816,0.27468002,0.57988,-0.16268
26816,0.27468002,0.57988,-0.16268
26837,0.27468002,0.57988,-0.16268
26837,0.27468002,0.57988,-0.16268
26858,0.27468002,0.57988,-0.16268
26858,0.27468002,0.57988,-0.16268
26880,0.27468002,0.57988,-0.16268
26901,0.27468002,0.57988,-0.16268
26901,0.27468002,0.57988,-0.16268
26922,0.09968,0.50918,-0.35294002
26922,0.09968,0.50918,-0.35294002
26944,0.09968,0.50918,-0.35294002
26944,0.09968,0.50918,-0.35294002
26965,0.09968,0.50918,-0.35294002
26965,0.09968,0.50918,-0.35294002
26986,0.09968,0.50918,-0.35294002
26987,0.09968,0.50918,-0.35294002
27008,0.026460001,0.48776,-0.35616
27029,0.01288,0.469,-0.36106002
27029,0.01288,0.469,-0.36106002
27050,0.01288,0.469,-0.36106002
27051,0.01288,0.469,-0.36106002
27072,0.01288,0.469,-0.36106002
27072,0.01288,0.469,-0.36106002
27093,0.05488,0.462,-0.38472
27094,0.05488,0.462,-0.38472
27114,0.05488,0.462,-0.38472
27114,0.05488,0.462,-0.38472
27136,0.08246,0.45794,-0.3829
27157,0.08246,0.45794,-0.3829
27157,0.08246,0.45794,-0.3829
27178,0.08246,0.45794,-0.3829
27178,0.08246,0.45794,-0.3829
27200,0.08246,0.45794,-0.3829
27200,0.08246,0.45794,-0.3829
27221,0.08246,0.45794,-0.3829
27221,0.08246,0.45794,-0.3829
27242,0.33068,0.483,-0.24682
27242,0.33068,0.483,-0.24682
27264,0.33068,0.483,-0.24682
27285,0.33068,0.483,-0.24682
27285,0.33068,0.483,-0.24682
27306,0.38094002,0.50274,-0.0399
27307,0.38094002,0.50274,-0.0399
27328,0.38094002,0.50274,-0.0399
27328,0.38094002,0.50274,-0.0399
27349,0.36372,0.49854,0.0805
27349,0.36372,0.49854,0.0805
27370,0.36372,0.49854,0.0805
27371,0.36372,0.49854,0.0805
27392,0.30898002,0.48986,0.13356
27392,0.30898002,0.48986,0.13356
27413,0.24416001,0.48706,0.18144001
27435,0.24416001,0.48706,0.18144001
27435,0.24416001,0.48706,0.18144001
27456,0.17402,0.48020002,0.19292
27456,0.17402,0.48020002,0.19292
27477,0.17402,0.48020002,0.19292
27477,0.17402,0.48020002,0.19292
27498,0.12754,0.47348002,0.2002
27498,0.12754,0.47348002,0.2002
27520,0.12754,0.47348002,0.2002
27520,0.12754,0.47348002,0.2002
27541,0.09758,0.45024002,0.21182
27562,0.09758,0.45024002,0.21182
27562,0.09758,0.45024002,0.21182
27584,0.04676,0.3885,0.24122001
27584,0.04676,0.3885,0.24122001
27605,0.04676,0.3885,0.24122001
27605,0.04676,0.3885,0.24122001
27626,0.03136,0.36022002,0.24654001
27626,0.03136,0.36022002,0.24654001
27648,0.03136,0.36022002,0.24654001
27648,0.03136,0.36022002,0.24654001
27669,0.0126,0.33236,0.24542001
27690,-0.01064,0.30086002,0.23352
27690,-0.01064,0.30086002,0.23352
27712,-0.01064,0.30086002,0.23352
27712,-0.01064,0.30086002,0.23352
27733,-0.036960002,0.27776,0.21980001
27733,-0.036960002,0.27776,0.21980001
27754,-0.036960002,0.27776,0.21980001
27755,-0.036960002,0.27776,0.21980001
27776,-0.06202,0.26278,0.20426
27776,-0.06202,0.26278,0.20426
27797,-0.07742,0.2576,0.20342
27818,-0.07742,0.2576,0.20342
27819,-0.07742,0.2576,0.20342
27840,-0.07742,0.2576,0.20342
27840,-0.07742,0.2576,0.20342
27861,-0.0903,0.25718,0.1869
27861,-0.0903,0.25718,0.1869
27883,-0.09198,0.24948001,0.18914
27883,-0.09198,0.24948001,0.18914
27904,-0.07252,0.24304001,0.20986001
27904,-0.07252,0.24304001,0.20986001
27925,-0.07252,0.24304001,0.20986001
27946,0.01344,0.28392002,0.25172
27946,0.01344,0.28392002,0.25172
27968,0.14644,0.35336,0.25732002
27968,0.14644,0.35336,0.25732002
27989,0.14644,0.35336,0.25732002
27989,0.14644,0.35336,0.25732002
28010,0.22302,0.42560002,0.21630001
28010,0.22302,0.42560002,0.21630001
28032,0.22302,0.42560002,0.21630001
28032,0.22302,0.42560002,0.21630001
28053,0.25228,0.4823,0.17584
28074,0.25228,0.4823,0.17584
28074,0.25228,0.4823,0.17584
28096,0.26502,0.52654004,0.12488
28096,0.26502,0.52654004,0.12488
28117,0.26894,0.54978,0.091280006
28117,0.26894,0.54978,0.091280006
28138,0.26894,0.54978,0.091280006
28138,0.26894,0.54978,0.091280006
28160,0.27678,0.58268,0.02772
28160,0.27678,0.58268,0.02772
28181,0.26964,0.60704,-0.060480002
28181,0.26964,0.60704,-0.060480002
28202,0.26964,0.60704,-0.060480002
28224,0.245,0.61614,-0.1407
28224,0.245,0.61614,-0.1407
28245,0.245,0.61614,-0.1407
28245,0.245,0.61614,-0.1407
28266,0.245,0.61614,-0.1407
28266,0.245,0.61614,-0.1407
28288,0.245,0.61614,-0.1407
28289,0.245,0.61614,-0.1407
28309,0.1715,0.56364,-0.3353
28309,0.1715,0.56364,-0.3353
28330,0.1715,0.56364,-0.3353
28352,0.13538,0.52836,-0.35714
28352,0.13538,0.52836,-0.35714
28373,0.08064,0.49896002,-0.3794
28373,0.08064,0.49896002,-0.3794
28394,0.08064,0.49896002,-0.3794
28394,0.08064,0.49896002,-0.3794
28416,0.04676,0.44198,-0.40572003
28416,0.04676,0.44198,-0.40572003
28437,0.04382,0.38388002,-0.41748002
28437,0.04382,0.38388002,-0.41748002
28458,0.04382,0.38388002,-0.41748002
28480,0.078820005,0.34566,-0.42686
28480,0.078820005,0.34566,-0.42686
28501,0.078820005,0.34566,-0.42686
28501,0.078820005,0.34566,-0.42686
28522,0.1295,0.32802,-0.42812002
28522,0.1295,0.32802,-0.42812002
28544,0.16506,0.29666,-0.42392
28544,0.16506,0.29666,-0.42392
28565,0.16506,0.29666,-0.42392
28565,0.16506,0.29666,-0.42392
28586,0.19978,0.22008,-0.41146
28608,0.19978,0.22008,-0.41146
28608,0.19978,0.22008,-0.41146
28629,0.21798001,0.11508001,-0.37996
28629,0.21798001,0.11508001,-0.37996
28650,0.22162001,0.0273,-0.30912
28651,0.22162001,0.0273,-0.30912
28672,0.22162001,0.0273,-0.30912
28672,0.22162001,0.0273,-0.30912
28693,0.21182,-0.033320002,-0.22134
28693,0.21182,-0.033320002,-0.22134
28714,0.21182,-0.033320002,-0.22134
28736,0.21252,-0.070700005,-0.08862
28736,0.21252,-0.070700005,-0.08862
28757,0.21252,-0.070700005,-0.08862
28757,0.21252,-0.070700005,-0.08862
28778,0.17864001,-0.037100002,0.085260004
28778,0.17864001,-0.037100002,0.085260004
28800,0.17864001,-0.037100002,0.085260004
28800,0.17864001,-0.037100002,0.085260004
28821,0.1358,-0.0071400004,0.13804
28821,0.1358,-0.0071400004,0.13804
28842,0.086940005,0.06944,0.20286001
28864,0.086940005,0.06944,0.20286001
28864,0.086940005,0.06944,0.20286001
28885,0.06328,0.12838,0.22652
28885,0.06328,0.12838,0.22652
28906,0.06328,0.12838,0.22652
28906,0.06328,0.12838,0.22652
28928,0.06832,0.14714001,0.23352
28928,0.06832,0.14714001,0.23352
28949,0.06832,0.14714001,0.23352
28949,0.06832,0.14714001,0.23352
28970,0.10192,0.15078,0.24472001
28992,0.1071,0.1575,0.25172
28992,0.1071,0.1575,0.25172
29013,0.1071,0.1575,0.25172
29013,0.1071,0.1575,0.25172
29034,0.11158,0.16506,0.2541
29034,0.11158,0.16506,0.2541
29056,0.1358,0.17416,0.26194
29056,0.1358,0.17416,0.26194
29077,0.1358,0.17416,0.26194
29077,0.1358,0.17416,0.26194
29099,0.117740005,0.23408,0.26698
29099,0.117740005,0.23408,0.26698
29120,0.16716,0.24374,0.26334
29141,0.16716,0.24374,0.26334
29141,0.16716,0.24374,0.26334
29162,0.20832,0.25508,0.26068002
29162,0.20832,0.25508,0.26068002
29184,0.20832,0.25508,0.26068002
29184,0.20832,0.25508,0.26068002
29205,0.2177,0.24052,0.25480002
29205,0.2177,0.24052,0.25480002
29226,0.19418001,0.24178001,0.26894
29226,0.19418001,0.24178001,0.26894
29248,0.19418001,0.24178001,0.26894
29269,0.17416,0.24696,0.27258
29269,0.17416,0.24696,0.27258
29290,0.17416,0.24696,0.27258
29290,0.17416,0.24696,0.27258
29312,0.14126,0.25228,0.26894
29312,0.14126,0.25228,0.26894
29333,0.093100004,0.24416001,0.26698
29333,0.093100004,0.24416001,0.26698
29354,0.093100004,0.24416001,0.26698
29354,0.093100004,0.24416001,0.26698
29376,0.044940002,0.24136001,0.2534
29397,0.044940002,0.24136001,0.2534
29397,0.044940002,0.24136001,0.2534
29418,0.037660003,0.23772001,0.26264
29418,0.037660003,0.23772001,0.26264
29440,0.037660003,0.23772001,0.26264
29440,0.037660003,0.23772001,0.26264
29461,0.020720001,0.26544002,0.25312
29461,0.020720001,0.26544002,0.25312
29482,0.05124,0.30464,0.26012
29482,0.05124,0.30464,0.26012
29504,0.05124,0.30464,0.26012
29525,0.10514,0.34132,0.25956002
29525,0.10514,0.34132,0.25956002
29546,0.10514,0.34132,0.25956002
29546,0.10514,0.34132,0.25956002
29568,0.18732001,0.35924,0.24752
29568,0.18732001,0.35924,0.24752
29589,0.18732001,0.35924,0.24752
29589,0.18732001,0.35924,0.24752
29610,0.28154,0.40992,0.1967
29610,0.28154,0.40992,0.1967
29632,0.32340002,0.46144003,0.13244
29653,0.32340002,0.46144003,0.13244
29653,0.32340002,0.46144003,0.13244
29674,0.36148,0.48762003,0.05418
29674,0.36148,0.48762003,0.05418
29696,0.36148,0.48762003,0.05418
29696,0.36148,0.48762003,0.05418
29717,0.38262,0.50526,-0.04802
29717,0.38262,0.50526,-0.04802
29739,0.39102,0.48594,-0.14056
29739,0.39102,0.48594,-0.14056
29760,0.39102,0.48594,-0.14056
29781,0.38304,0.45066002,-0.21994
29781,0.38304,0.45066002,-0.21994
29802,0.38304,0.45066002,-0.21994
29803,0.38304,0.45066002,-0.21994
29824,0.35868,0.38276002,-0.29666
29824,0.35868,0.38276002,-0.29666
29845,0.3402,0.3143,-0.33404002
29845,0.3402,0.3143,-0.33404002
29866,0.3402,0.3143,-0.33404002
29866,0.3402,0.3143,-0.33404002
29888,0.33068,0.20412001,-0.34594002
29888,0.33068,0.20412001,-0.34594002
29909,0.33068,0.20412001,-0.34594002
29930,0.28994,0.10052,-0.32340002
29930,0.28994,0.10052,-0.32340002
29952,0.28994,0.10052,-0.32340002
29952,0.28994,0.10052,-0.32340002
29973,0.24808,0.04032,-0.30310002
29973,0.24808,0.04032,-0.30310002
29994,0.23128,0.00672,-0.26586002
29994,0.23128,0.00672,-0.26586002
30016,0.23128,0.00672,-0.26586002
30016,0.23128,0.00672,-0.26586002
30037,0.23128,0.00672,-0.26586002
30058,0.23128,0.00672,-0.26586002
30058,0.23128,0.00672,-0.26586002
30080,0.20328,-0.052360002,-0.1694
30080,0.20328,-0.052360002,-0.1694
30101,0.20328,-0.052360002,-0.1694
30101,0.20328,-0.052360002,-0.1694
30122,0.16296001,-0.06818,-0.13678001
30122,0.16296001,-0.06818,-0.13678001
30144,0.16296001,-0.06818,-0.13678001
30144,0.16296001,-0.06818,-0.13678001
30165,0.16296001,-0.06818,-0.13678001
30186,0.15848,-0.077700004,-0.05166
30186,0.15848,-0.077700004,-0.05166
30208,0.15848,-0.077700004,-0.05166
30208,0.15848,-0.077700004,-0.05166
30229,0.14784001,-0.06468,0.01722
30229,0.14784001,-0.06468,0.01722
30250,0.14784001,-0.06468,0.01722
30251,0.14784001,-0.06468,0.01722
30272,0.10738,-0.03486,0.08246
30272,0.10738,-0.03486,0.08246
30293,0.10738,-0.03486,0.08246
30315,0.0511,0.00336,0.12642
30315,0.0511,0.00336,0.12642
30336,0.0511,0.00336,0.12642
30336,0.0511,0.00336,0.12642
30357,0.0511,0.00336,0.12642
30357,0.0511,0.00336,0.12642
30378,0.0511,0.00336,0.12642
30378,0.0511,0.00336,0.12642
30400,-0.015120001,0.07518,0.15974
30400,-0.015120001,0.07518,0.15974
30421,-0.015120001,0.07518,0.15974
30442,-0.03458,0.112560004,0.17822
30442,-0.03458,0.112560004,0.17822
30464,-0.0315,0.1365,0.1939
30464,-0.0315,0.1365,0.1939
30485,-0.0315,0.1365,0.1939
30485,-0.0315,0.1365,0.1939
30506,-0.03164,0.15022,0.20426
30506,-0.03164,0.15022,0.20426
30528,-0.03164,0.15022,0.20426
30528,-0.03164,0.15022,0.20426
30549,-0.01778,0.161,0.21602
30570,-0.01778,0.161,0.21602
30570,-0.01778,0.161,0.21602
30592,0.020580001,0.16842,0.23198001
30592,0.020580001,0.16842,0.23198001
30613,0.08218,0.17178,0.24990001
30613,0.08218,0.17178,0.24990001
30634,0.08218,0.17178,0.24990001
30634,0.08218,0.17178,0.24990001
30656,0.10388,0.19334,0.2569
30656,0.10388,0.19334,0.2569
30677,0.10388,0.19334,0.2569
30698,0.10388,0.19334,0.2569
30699,0.10388,0.19334,0.2569
30720,0.10388,0.19334,0.2569
30720,0.10388,0.19334,0.2569
30741,0.10388,0.19334,0.2569
30741,0.10388,0.19334,0.2569
30762,0.10388,0.19334,0.2569
30762,0.10388,0.19334,0.2569
30784,0.10388,0.19334,0.2569
30784,0.10388,0.19334,0.2569
30805,0.10388,0.19334,0.2569
30805,0.10388,0.19334,0.2569
30826,0.10388,0.19334,0.2569
30848,0.10388,0.19334,0.2569
30848,0.10388,0.19334,0.2569
30869,0.10388,0.19334,0.2569
30869,0.10388,0.19334,0.2569
30890,0.10388,0.19334,0.2569
30890,0.10388,0.19334,0.2569
30912,0.37548,0.02492,-0.113120005
30912,0.37548,0.02492,-0.113120005
30933,0.37548,0.02492,-0.113120005
30933,0.37548,0.02492,-0.113120005
30954,0.37548,0.02492,-0.113120005
30976,0.37548,0.02492,-0.113120005
30976,0.37548,0.02492,-0.113120005
30997,0.37548,0.02492,-0.113120005
30997,0.37548,0.02492,-0.113120005
31018,0.37548,0.02492,-0.113120005
31018,0.37548,0.02492,-0.113120005
31040,0.37548,0.02492,-0.113120005
31040,0.37548,0.02492,-0.113120005
31061,0.37548,0.02492,-0.113120005
31061,0.37548,0.02492,-0.113120005
31082,0.37548,0.02492,-0.113120005
31104,0.37548,0.02492,-0.113120005
31104,0.37548,0.02492,-0.113120005
31125,0.37548,0.02492,-0.113120005
31125,0.37548,0.02492,-0.113120005
31146,0.37548,0.02492,-0.113120005
31146,0.37548,0.02492,-0.113120005
31168,0.37548,0.02492,-0.113120005
31168,0.37548,0.02492,-0.113120005
31189,0.37548,0.02492,-0.113120005
31189,0.37548,0.02492,-0.113120005
31210,0.2352,-0.0217,-0.23226
31232,0.2352,-0.0217,-0.23226
31232,0.2352,-0.0217,-0.23226
31253,0.2352,-0.0217,-0.23226
31253,0.2352,-0.0217,-0.23226
31274,0.2352,-0.0217,-0.23226
31274,0.2352,-0.0217,-0.23226
31296,0.2352,-0.0217,-0.23226
31296,0.2352,-0.0217,-0.23226
31317,0.2352,-0.0217,-0.23226
31317,0.2352,-0.0217,-0.23226
31338,0.20398,0.15428,-0.37912002
31360,0.20398,0.15428,-0.37912002
31360,0.20398,0.15428,-0.37912002
31381,0.2051,0.15918,-0.38556
31381,0.2051,0.15918,-0.38556
31402,0.2051,0.15918,-0.38556
31402,0.2051,0.15918,-0.38556
31424,0.20776,0.16646,-0.3941
31424,0.20776,0.16646,-0.3941
31445,0.19894001,0.1666,-0.39102
31445,0.19894001,0.1666,-0.39102
31466,0.19894001,0.1666,-0.39102
31488,0.20454,0.17444001,-0.39046
31488,0.20454,0.17444001,-0.39046
31509,0.2177,0.18312001,-0.38332
31509,0.2177,0.18312001,-0.38332
